especie,fecha,apertura,maximo,minimo,cierre,volumen,timestamp
AL30,2020-09-07,6340.0,6493.0,6100.0,6270.0,3693179,1599447600.0
AL30,2020-09-08,6270.0,6350.0,6200.0,6320.0,13314126,1599534000.0
AL30,2020-09-09,6350.0,6440.0,6348.0,6377.0,29660802,1599620400.0
AL30,2020-09-10,6375.0,6428.5,6370.0,6415.0,31655656,1599706800.0
AL30,2020-09-11,6410.0,6505.0,6395.0,6401.0,36047588,1599793200.0
AL30,2020-09-14,6450.0,6450.0,6350.0,6391.0,43373692,1600052400.0
AL30,2020-09-15,6400.0,6449.0,6203.0,6235.0,45305728,1600138800.0
AL30,2020-09-16,6300.0,6424.0,6050.5,6120.0,22676280,1600225200.0
AL30,2020-09-17,6120.0,6150.0,5870.0,5925.0,40474944,1600311600.0
AL30,2020-09-18,5925.0,6170.0,5920.0,6110.0,29795600,1600398000.0
AL30,2020-09-21,6110.0,6130.0,5917.5,6041.0,26353152,1600657200.0
AL30,2020-09-22,6060.0,6140.0,5996.5,6100.0,33424176,1600743600.0
AL30,2020-09-23,6110.0,6330.0,6056.0,6270.0,43523344,1600830000.0
AL30,2020-09-24,6270.0,6344.0,6010.0,6020.0,44108504,1600916400.0
AL30,2020-09-25,6080.0,6165.0,6050.0,6115.0,40880668,1601002800.0
AL30,2020-09-28,6125.0,6199.0,6110.0,6165.0,31525812,1601262000.0
AL30,2020-09-29,6200.0,6210.0,6160.0,6200.0,44005388,1601348400.0
AL30,2020-09-30,6207.0,6240.0,6173.5,6190.0,43959908,1601434800.0
AL30,2020-10-01,6200.0,6270.0,6114.0,6215.0,41286008,1601521200.0
AL30,2020-10-02,6200.0,6300.0,6120.0,6120.0,58244876,1601607600.0
AL30,2020-10-05,6180.0,6252.0,6180.0,6251.0,44046332,1601866800.0
AL30,2020-10-06,6270.0,6315.0,6200.0,6230.0,41495540,1601953200.0
AL30,2020-10-07,6225.0,6255.0,6205.0,6226.0,32744472,1602039600.0
AL30,2020-10-08,6227.0,6300.0,6190.0,6300.0,20591468,1602126000.0
AL30,2020-10-09,6320.0,6475.0,6300.5,6415.0,54079688,1602212400.0
AL30,2020-10-13,6500.0,6510.0,6422.0,6485.0,47782144,1602558000.0
AL30,2020-10-14,6500.0,6680.0,6491.0,6680.0,43634184,1602644400.0
AL30,2020-10-15,6719.0,7027.5,6690.0,6880.5,63821280,1602730800.0
AL30,2020-10-16,6950.0,7000.0,6710.0,6720.0,70157800,1602817200.0
AL30,2020-10-19,6790.0,6830.0,6560.0,6650.0,48890732,1603076400.0
AL30,2020-10-20,6700.0,6700.0,6505.0,6659.0,48375296,1603162800.0
AL30,2020-10-21,6720.0,6790.0,6550.0,6555.0,79399896,1603249200.0
AL30,2020-10-22,6625.0,6680.0,6520.0,6540.0,62595648,1603335600.0
AL30,2020-10-23,6540.0,6580.0,6230.0,6230.0,81893816,1603422000.0
AL30,2020-10-26,6280.0,6360.0,5975.0,6010.0,50372024,1603681200.0
AL30,2020-10-27,6013.0,6139.5,5995.0,6000.0,43561132,1603767600.0
AL30,2020-10-28,6039.5,6060.0,5620.0,5620.0,66610248,1603854000.0
AL30,2020-10-29,5750.0,5750.0,5575.0,5580.0,57971720,1603940400.0
AL30,2020-10-30,5647.0,5647.0,5440.0,5450.0,53158016,1604026800.0
AL30,2020-11-02,5580.0,5580.0,5380.0,5380.0,56642272,1604286000.0
AL30,2020-11-03,5448.5,5468.0,5370.5,5380.0,87152224,1604372400.0
AL30,2020-11-04,5424.0,5459.5,5364.0,5365.0,116408192,1604458800.0
AL30,2020-11-05,5409.0,5520.0,5380.0,5390.0,87753064,1604545200.0
AL30,2020-11-06,5438.0,5449.5,5375.0,5380.0,28537284,1604631600.0
AL30,2020-11-09,5448.0,5448.0,5410.0,5445.0,51388616,1604890800.0
AL30,2020-11-10,5461.0,5500.0,5430.0,5431.0,73240184,1604977200.0
AL30,2020-11-11,5485.0,5705.0,5445.0,5705.0,42125360,1605063600.0
AL30,2020-11-12,5630.0,5630.0,5508.0,5585.0,69275968,1605150000.0
AL30,2020-11-13,5585.0,5675.0,5585.0,5635.0,63864188,1605236400.0
AL30,2020-11-16,5690.0,5784.0,5662.0,5750.0,62966980,1605495600.0
AL30,2020-11-17,5775.0,5825.0,5766.5,5790.0,49704304,1605582000.0
AL30,2020-11-18,5800.0,5865.0,5800.0,5800.0,73453824,1605668400.0
AL30,2020-11-19,5839.0,5840.0,5775.0,5777.5,46700304,1605754800.0
AL30,2020-11-20,5820.0,5820.0,5745.0,5747.0,55503228,1605841200.0
AL30,2020-11-24,5758.0,5795.0,5700.0,5745.0,35683604,1606186800.0
AL30,2020-11-25,5771.0,5789.0,5706.0,5750.0,36982512,1606273200.0
AL30,2020-11-26,5798.0,5798.0,5713.0,5717.0,25866792,1606359600.0
AL30,2020-11-27,5740.0,5758.0,5615.0,5674.0,26203832,1606446000.0
AL30,2020-11-30,5699.0,5699.0,5551.0,5581.0,29089824,1606705200.0
AL30,2020-12-01,5590.0,5600.0,5554.0,5568.0,16949292,1606791600.0
AL30,2020-12-02,5568.0,5579.5,5507.0,5579.5,21461988,1606878000.0
AL30,2020-12-03,5590.0,5590.0,5424.5,5450.0,23974196,1606964400.0
AL30,2020-12-04,5499.5,5530.0,5440.0,5483.0,24395062,1607050800.0
AL30,2020-12-09,5600.0,5600.0,5445.0,5457.0,26203300,1607482800.0
AL30,2020-12-10,5460.0,5515.0,5420.0,5483.0,27826496,1607569200.0
AL30,2020-12-11,5470.0,5575.0,5438.0,5570.0,20092070,1607655600.0
AL30,2020-12-14,5645.0,5750.0,5570.0,5658.0,27523544,1607914800.0
AL30,2020-12-15,5710.0,5710.0,5658.5,5677.0,22431030,1608001200.0
AL30,2020-12-16,5700.0,5710.0,5580.0,5619.5,26015828,1608087600.0
AL30,2020-12-17,5640.0,5650.0,5587.0,5609.0,22026552,1608174000.0
AL30,2020-12-18,5619.0,5699.5,5610.0,5660.0,54821832,1608260400.0
AL30,2020-12-21,5690.0,5728.0,5655.0,5655.0,28850470,1608519600.0
AL30,2020-12-22,5700.0,5720.0,5675.0,5701.0,34778224,1608606000.0
AL30,2020-12-23,5705.0,5745.0,5700.0,5701.0,54836688,1608692400.0
AL30,2020-12-28,5736.0,5760.0,5714.0,5726.0,60551036,1609124400.0
AL30,2020-12-29,5759.0,5780.0,5730.0,5732.0,42717164,1609210800.0
AL30,2020-12-30,5799.0,5799.0,5730.0,5731.0,66060160,1609297200.0
AL30,2021-01-04,5788.0,5798.0,5759.0,5771.0,89344192,1609729200.0
AL30,2021-01-05,5799.0,5810.0,5772.0,5778.0,86608376,1609815600.0
AL30,2021-01-06,5813.0,5819.0,5790.0,5790.0,108158272,1609902000.0
AL30,2021-01-07,5815.0,5815.0,5762.0,5768.0,69031048,1609988400.0
AL30,2021-01-08,5790.0,5790.0,5726.0,5730.0,58725832,1610074800.0
AL30,2021-01-11,5759.0,5780.0,5690.0,5692.0,41436984,1610334000.0
AL30,2021-01-12,5729.0,5729.0,5657.0,5660.0,37959072,1610420400.0
AL30,2021-01-13,5688.0,5688.0,5640.0,5641.0,44952132,1610506800.0
AL30,2021-01-14,5659.0,5659.0,5630.0,5635.0,48747944,1610593200.0
AL30,2021-01-15,5681.0,5681.0,5624.0,5625.0,53358696,1610679600.0
AL30,2021-01-18,5649.0,5675.0,5630.5,5640.0,56090768,1610938800.0
AL30,2021-01-19,5689.5,5689.5,5642.0,5643.0,50096776,1611025200.0
AL30,2021-01-20,5660.0,5669.0,5638.0,5645.0,33033710,1611111600.0
AL30,2021-01-21,5660.0,5670.0,5647.0,5647.0,38463296,1611198000.0
AL30,2021-01-22,5663.0,5663.0,5641.0,5644.0,40452488,1611284400.0
AL30,2021-01-25,5659.0,5664.0,5649.0,5656.0,35825948,1611543600.0
AL30,2021-01-26,5669.0,5684.0,5658.0,5667.0,40936584,1611630000.0
AL30,2021-01-27,5680.0,5685.0,5661.0,5664.0,38557336,1611716400.0
AL30,2021-01-28,5670.0,5689.0,5659.5,5660.0,51589912,1611802800.0
AL30,2021-01-29,5670.0,5677.5,5638.0,5640.0,29534500,1611889200.0
AL30,2021-02-01,5660.0,5660.0,5645.0,5650.0,37446340,1612148400.0
AL30,2021-02-02,5667.0,5669.0,5650.5,5651.0,36659124,1612234800.0
AL30,2021-02-03,5655.0,5669.5,5641.0,5642.0,33009968,1612321200.0
AL30,2021-02-04,5659.0,5659.0,5637.5,5640.0,34778216,1612407600.0
AL30,2021-02-05,5641.0,5655.0,5626.0,5628.0,39062884,1612494000.0
AL30,2021-02-08,5643.0,5647.5,5626.5,5628.0,27063752,1612753200.0
AL30,2021-02-09,5641.0,5641.0,5618.5,5628.0,22746744,1612839600.0
AL30,2021-02-10,5628.0,5639.0,5590.0,5608.0,23515740,1612926000.0
AL30,2021-02-11,5610.0,5625.0,5490.0,5490.0,21024060,1613012400.0
AL30,2021-02-12,5495.0,5513.5,5358.0,5382.0,13105092,1613098800.0
AL30,2021-02-17,5385.0,5395.0,5180.0,5185.0,20834168,1613530800.0
AL30,2021-02-18,5218.0,5220.0,5055.0,5210.0,32536744,1613617200.0
AL30,2021-02-19,5207.0,5214.0,5060.0,5090.0,41600324,1613703600.0
AL30,2021-02-22,5110.0,5110.0,4900.0,5045.0,57180576,1613962800.0
AL30,2021-02-23,5073.0,5073.0,4940.0,5000.0,28058330,1614049200.0
AL30,2021-02-24,5015.0,5098.5,4960.0,5085.0,21117046,1614135600.0
AL30,2021-02-25,5084.5,5224.5,5039.5,5176.0,33773048,1614222000.0
AL30,2021-02-26,5225.0,5330.0,5185.0,5220.0,44029656,1614308400.0
AL30,2021-03-01,5277.0,5320.0,5263.5,5289.0,38100932,1614567600.0
AL30,2021-03-02,5300.0,5329.0,5296.0,5303.0,2350108,1614654000.0
AL30,2021-03-03,5310.0,5310.0,5205.5,5292.0,777833,1614740400.0
AL30,2021-03-04,5319.0,5340.5,5275.5,5279.0,599825,1614826800.0
AL30,2021-03-05,5303.0,5303.0,5200.5,5215.0,162290,1614913200.0
AL30,2021-03-08,5238.0,5238.0,5131.0,5215.0,381367,1615172400.0
AL30,2021-03-09,5198.0,5199.5,5085.0,5109.0,29040,1615258800.0
AL30,2021-03-10,5090.0,5090.0,4826.0,4840.0,81918,1615345200.0
AL30,2021-03-11,4874.5,4955.0,4825.5,4860.0,22798,1615431600.0
AL30,2021-03-12,4880.0,4990.0,4820.0,4981.0,22627358,1615518000.0
AL30,2021-03-15,4985.0,5056.0,4950.0,5055.0,20322344,1615777200.0
AL30,2021-03-16,5098.0,5148.5,5055.0,5119.0,17309424,1615863600.0
AL30,2021-03-17,5122.0,5215.0,5080.5,5201.0,22909634,1615950000.0
AL30,2021-03-18,5220.0,5220.0,5140.0,5183.5,20009724,1616036400.0
AL30,2021-03-19,5200.0,5200.0,5160.0,5172.5,20474978,1616122800.0
AL30,2021-03-22,5193.0,5219.0,5115.0,5212.0,28260056,1616382000.0
AL30,2021-03-23,5212.0,5212.5,5140.0,5140.0,19548052,1616468400.0
AL30,2021-03-25,5100.0,5100.0,4826.0,4992.0,6125,1616641200.0
AL30,2021-03-26,4980.0,4980.0,4870.0,4890.0,21665776,1616727600.0
AL30,2021-03-29,4890.0,4890.0,4751.5,4801.0,26109848,1616986800.0
AL30,2021-03-30,4817.0,4838.5,4751.0,4814.0,25151496,1617073200.0
AL30,2021-03-31,4831.0,4877.5,4797.0,4841.5,15793031,1617159600.0
AL30,2021-04-05,4835.0,4942.0,4801.0,4942.0,18243626,1617591600.0
AL30,2021-04-06,4969.0,5015.0,4933.0,4975.0,27640896,1617678000.0
AL30,2021-04-07,5000.0,5000.0,4935.0,4970.0,17419096,1617764400.0
AL30,2021-04-08,4990.0,4990.0,4940.0,4975.0,19077612,1617850800.0
AL30,2021-04-09,4986.0,4986.0,4932.5,4935.0,15429926,1617937200.0
AL30,2021-04-12,4941.0,4975.0,4938.0,4974.0,14990633,1618196400.0
AL30,2021-04-13,4979.0,4998.0,4953.0,4972.0,21712230,1618282800.0
AL30,2021-04-14,4995.0,5098.0,4953.5,4971.0,18116794,1618369200.0
AL30,2021-04-15,5000.0,5024.0,4910.0,4920.0,10252918,1618455600.0
AL30,2021-04-16,4944.0,4944.0,4906.0,4915.0,14579188,1618542000.0
AL30,2021-04-19,4915.0,4985.0,4878.5,4962.0,14555624,1618801200.0
AL30,2021-04-20,4980.0,5000.0,4950.0,5000.0,13864303,1618887600.0
AL30,2021-04-21,5050.0,5050.0,4980.0,4996.0,11195987,1618974000.0
AL30,2021-04-22,5019.0,5030.0,4996.0,5001.0,16861400,1619060400.0
AL30,2021-04-23,5038.0,5090.5,5000.5,5077.0,15614043,1619146800.0
AL30,2021-04-26,5097.0,5250.0,5090.0,5240.0,128095,1619406000.0
AL30,2021-04-27,5299.0,5350.0,5255.0,5340.0,17716752,1619492400.0
AL30,2021-04-28,5395.0,5452.0,5340.5,5366.0,53813428,1619578800.0
AL30,2021-04-29,5371.0,5398.0,5360.0,5362.0,32476352,1619665200.0
AL30,2021-04-30,5389.0,5399.0,5350.0,5351.0,618557,1619751600.0
AL30,2021-05-03,5388.0,5465.0,5353.0,5381.0,54172820,1620010800.0
AL30,2021-05-04,5420.0,5470.0,5385.0,5385.0,66351884,1620097200.0
AL30,2021-05-05,5419.0,5450.0,5388.0,5390.0,49906316,1620183600.0
AL30,2021-05-06,5425.0,5425.0,5363.0,5365.0,23984442,1620270000.0
AL30,2021-05-07,5370.0,5383.0,5272.0,5296.0,18686452,1620356400.0
AL30,2021-05-10,5296.0,5304.5,5251.0,5296.0,14070127,1620615600.0
AL30,2021-05-11,5296.0,5296.0,5173.0,5180.0,13018968,1620702000.0
AL30,2021-05-12,5197.0,5239.0,5144.0,5226.0,14918231,1620788400.0
AL30,2021-05-13,5226.0,5275.0,5226.0,5260.0,18077614,1620874800.0
AL30,2021-05-14,5288.0,5423.0,5288.0,5410.0,21657870,1620961200.0
AL30,2021-05-17,5440.0,5570.0,5420.0,5521.0,417065,1621220400.0
AL30,2021-05-18,5535.0,5610.0,5495.0,5521.0,1479098,1621306800.0
AL30,2021-05-19,5589.0,5589.0,5488.0,5488.0,2981612,1621393200.0
AL30,2021-05-20,5500.0,5519.0,5465.0,5468.0,1692464,1621479600.0
AL30,2021-05-21,5479.0,5508.0,5448.0,5448.0,0,1621566000.0
AL30,2021-05-26,5481.0,5655.5,5480.0,5603.0,34654884,1621998000.0
AL30,2021-05-27,5640.0,5709.0,5620.0,5660.0,46827624,1622084400.0
AL30,2021-05-28,5660.0,5684.5,5578.0,5638.0,1646341,1622170800.0
AL30,2021-05-31,5640.0,5700.0,5640.0,5656.0,20396340,1622430000.0
AL30,2021-06-01,5697.0,5751.0,5661.0,5730.0,27209174,1622516400.0
AL30,2021-06-02,5752.0,5900.0,5750.0,5870.0,30727460,1622602800.0
AL30,2021-06-03,5899.0,5940.0,5797.0,5816.0,17898888,1622689200.0
AL30,2021-06-04,5819.0,5900.0,5755.0,5767.0,16722405,1622775600.0
AL30,2021-06-07,5771.0,5890.0,5750.0,5860.0,24685260,1623034800.0
AL30,2021-06-08,5880.0,5949.5,5862.0,5941.0,12023481,1623121200.0
AL30,2021-06-09,5968.0,6025.0,5966.0,6012.0,17589708,1623207600.0
AL30,2021-06-10,6049.0,6060.0,6014.0,6040.0,11752668,1623294000.0
AL30,2021-06-11,6043.0,6100.0,6035.0,6055.0,15722225,1623380400.0
AL30,2021-06-14,6060.0,6078.5,6025.0,6049.5,13739191,1623639600.0
AL30,2021-06-15,6060.0,6060.0,6015.5,6041.0,14987527,1623726000.0
AL30,2021-06-16,6087.0,6088.0,6030.5,6043.0,23872860,1623812400.0
AL30,2021-06-17,6078.0,6080.0,6019.5,6020.0,44276440,1623898800.0
AL30,2021-06-18,6030.0,6050.0,5961.5,5962.0,26493108,1623985200.0
AL30,2021-06-22,5959.0,5960.0,5880.5,5887.0,57153324,1624330800.0
AL30,2021-06-23,5949.0,5985.0,5880.0,5880.0,65193384,1624417200.0
AL30,2021-06-24,5939.0,5939.0,5832.0,5833.0,72787456,1624503600.0
AL30,2021-06-25,5833.0,5849.0,5720.0,5722.0,77023384,1624590000.0
AL30,2021-06-28,5740.0,5779.5,5671.0,5673.0,97319736,1624849200.0
AL30,2021-06-29,5685.0,5708.0,5590.0,5592.0,82173184,1624935600.0
AL30,2021-06-30,5624.0,5628.5,5549.0,5550.0,112793752,1625022000.0
AL30,2021-07-01,5580.0,5639.0,5550.0,5603.0,72484432,1625108400.0
AL30,2021-07-02,5650.0,5789.5,5617.0,5666.0,55318360,1625194800.0
AL30,2021-07-05,5699.0,5748.5,5625.0,5626.0,65919100,1625454000.0
AL30,2021-07-06,5688.0,5688.0,5604.0,5605.0,87743192,1625540400.0
AL30,2021-07-07,5616.0,5649.5,5594.0,5611.0,80291296,1625626800.0
AL30,2021-07-08,5639.0,5655.0,5612.0,5635.0,56799796,1625713200.0
AL30,2021-07-12,5679.0,5719.0,5660.0,5694.0,28132160,1626058800.0
AL30,2021-07-13,5729.0,5774.5,5711.0,5747.0,26038312,1626145200.0
AL30,2021-07-14,5800.0,5829.0,5772.5,5800.0,29538512,1626231600.0
AL30,2021-07-15,5837.0,5857.0,5815.0,5832.0,42063816,1626318000.0
AL30,2021-07-16,5870.0,5919.0,5840.0,5887.0,58033816,1626404400.0
AL30,2021-07-19,5949.0,5985.0,5897.0,5942.0,84925344,1626663600.0
AL30,2021-07-20,5990.0,6070.0,5970.0,6010.0,112227872,1626750000.0
AL30,2021-07-21,6095.0,6118.0,6039.0,6040.0,91021952,1626836400.0
AL30,2021-07-22,6095.0,6095.0,6038.0,6040.0,101126368,1626922800.0
AL30,2021-07-23,6070.0,6083.0,6039.5,6040.0,98088984,1627009200.0
AL30,2021-07-26,6085.0,6085.0,6042.0,6042.0,111606136,1627268400.0
AL30,2021-07-27,6077.0,6077.0,6045.0,6045.0,112200480,1627354800.0
AL30,2021-07-28,6075.0,6075.0,6045.5,6046.0,100343776,1627441200.0
AL30,2021-07-29,6069.0,6069.0,6030.0,6044.0,104001800,1627527600.0
AL30,2021-07-30,6061.0,6063.0,6032.5,6033.0,116107688,1627614000.0
AL30,2021-08-02,6058.0,6063.0,6034.0,6035.0,125320296,1627873200.0
AL30,2021-08-03,6058.0,6059.0,6035.0,6035.0,130036456,1627959600.0
AL30,2021-08-04,6052.0,6053.0,6009.0,6010.0,72401024,1628046000.0
AL30,2021-08-05,6028.0,6028.0,5978.0,5980.0,69606064,1628132400.0
AL30,2021-08-06,5992.0,5992.0,5945.0,5948.0,67025384,1628218800.0
AL30,2021-08-09,5959.0,5980.0,5925.5,5965.0,51771792,1628478000.0
AL30,2021-08-10,5979.0,6028.5,5969.5,6005.0,51983912,1628564400.0
AL30,2021-08-11,6041.0,6064.0,6019.0,6041.0,58469344,1628650800.0
AL30,2021-08-12,6077.0,6083.0,6045.5,6052.0,31019324,1628737200.0
AL30,2021-08-13,6065.0,6065.0,5900.0,5951.0,31177872,1628823600.0
AL30,2021-08-17,5938.0,5991.0,5858.0,5975.0,48766200,1629169200.0
AL30,2021-08-18,5988.0,6013.0,5940.5,5981.0,46635168,1629255600.0
AL30,2021-08-19,5990.0,6009.5,5979.0,5980.0,63554096,1629342000.0
AL30,2021-08-20,6000.0,6002.0,5971.0,5972.0,47372336,1629428400.0
AL30,2021-08-23,5995.0,5998.0,5974.0,5975.0,59068744,1629687600.0
AL30,2021-08-24,5994.0,6018.0,5985.0,5996.0,75785760,1629774000.0
AL30,2021-08-25,6015.0,6025.0,5998.0,6001.0,68608440,1629860400.0
AL30,2021-08-26,6017.0,6024.0,6007.0,6020.0,50605244,1629946800.0
AL30,2021-08-27,6040.0,6081.0,6030.0,6056.0,91203320,1630033200.0
AL30,2021-08-30,6080.0,6130.0,6065.0,6121.0,65171168,1630292400.0
AL30,2021-08-31,6140.0,6184.5,6133.0,6182.0,79017568,1630378800.0
AL30,2021-09-01,6190.0,6300.0,6190.0,6285.0,98069184,1630465200.0
AL30,2021-09-02,6314.0,6399.0,6314.0,6390.0,82429776,1630551600.0
AL30,2021-09-03,6430.0,6430.0,6379.5,6400.0,60292004,1630638000.0
AL30,2021-09-06,6424.5,6468.0,6402.0,6450.0,80125056,1630897200.0
AL30,2021-09-07,6499.0,6502.5,6460.0,6480.0,87525696,1630983600.0
AL30,2021-09-08,6500.0,6523.0,6441.0,6450.0,80179632,1631070000.0
AL30,2021-09-09,6464.0,6464.0,6421.5,6441.0,94453056,1631156400.0
AL30,2021-09-10,6459.0,6464.0,6426.5,6430.0,64711748,1631242800.0
AL30,2021-09-13,6560.0,6793.0,6560.0,6573.0,70117096,1631502000.0
AL30,2021-09-14,6580.0,6605.0,6541.0,6561.0,42728384,1631588400.0
AL30,2021-09-15,6585.0,6585.0,6525.5,6557.0,40814612,1631674800.0
AL30,2021-09-16,6567.0,6594.0,6532.5,6579.0,81488032,1631761200.0
AL30,2021-09-17,6594.0,6608.5,6569.5,6570.0,63803104,1631847600.0
AL30,2021-09-20,6572.0,6572.0,6499.0,6541.0,73244040,1632106800.0
AL30,2021-09-21,6560.0,6577.0,6511.0,6520.0,50636764,1632193200.0
AL30,2021-09-22,6535.0,6535.0,6500.5,6520.0,67123488,1632279600.0
AL30,2021-09-23,6520.0,6558.5,6520.0,6524.0,87196224,1632366000.0
AL30,2021-09-24,6557.0,6557.0,6475.0,6479.0,88233768,1632452400.0
AL30,2021-09-27,6500.0,6525.0,6460.0,6470.0,116948656,1632711600.0
AL30,2021-09-28,6483.0,6498.0,6470.0,6474.0,145621872,1632798000.0
AL30,2021-09-29,6500.0,6555.5,6494.5,6502.0,186851168,1632884400.0
AL30,2021-09-30,6540.0,6549.5,6495.0,6497.0,136431072,1632970800.0
AL30,2021-10-01,6539.0,6539.0,6487.0,6489.0,125221392,1633057200.0
AL30,2021-10-04,6513.0,6513.0,6484.5,6485.0,120882224,1633316400.0
AL30,2021-10-05,6494.0,6497.0,6469.0,6470.0,86183168,1633402800.0
AL30,2021-10-06,6450.0,6460.0,6320.0,6415.0,50943580,1633489200.0
AL30,2021-10-07,6436.5,6436.5,6392.0,6421.0,69628592,1633575600.0
AL30,2021-10-12,6420.0,6420.0,6375.0,6394.0,41622544,1634007600.0
AL30,2021-10-13,6400.0,6409.0,6394.0,6395.0,40189712,1634094000.0
AL30,2021-10-14,6407.0,6409.0,6395.5,6400.0,41798428,1634180400.0
AL30,2021-10-15,6417.0,6417.0,6380.0,6391.0,21572860,1634266800.0
AL30,2021-10-18,6394.0,6394.0,6360.0,6382.0,32737660,1634526000.0
AL30,2021-10-19,6385.0,6397.5,6383.0,6389.0,40883668,1634612400.0
AL30,2021-10-20,6389.0,6407.0,6389.0,6401.0,55697792,1634698800.0
AL30,2021-10-21,6430.0,6430.0,6401.0,6411.0,46584904,1634785200.0
AL30,2021-10-22,6415.0,6430.0,6413.0,6420.0,62077416,1634871600.0
AL30,2021-10-25,6437.0,6442.0,6422.0,6429.0,88211040,1635130800.0
AL30,2021-10-26,6449.0,6450.0,6430.0,6431.0,92978960,1635217200.0
AL30,2021-10-27,6447.0,6447.0,6429.0,6429.0,76040672,1635303600.0
AL30,2021-10-28,6441.0,6441.0,6419.0,6420.0,70453968,1635390000.0
AL30,2021-10-29,6433.0,6433.0,6397.0,6398.0,68517608,1635476400.0
AL30,2021-11-01,6410.0,6415.0,6380.0,6391.0,140503136,1635735600.0
AL30,2021-11-02,6403.0,6409.5,6399.0,6400.0,158365440,1635822000.0
AL30,2021-11-03,6417.0,6417.0,6404.5,6407.0,100737616,1635908400.0
AL30,2021-11-04,6424.0,6455.0,6414.0,6446.0,161264000,1635994800.0
AL30,2021-11-05,6499.0,6517.5,6460.5,6498.0,110579968,1636081200.0
AL30,2021-11-08,6540.0,6577.5,6530.0,6545.0,154012832,1636340400.0
AL30,2021-11-09,6580.0,6596.0,6550.0,6552.0,115310288,1636426800.0
AL30,2021-11-10,6577.0,6577.0,6551.0,6555.0,109552128,1636513200.0
AL30,2021-11-11,6589.0,6594.0,6561.0,6578.0,140722128,1636599600.0
AL30,2021-11-12,6597.0,6646.0,6588.5,6590.0,79292912,1636686000.0
AL30,2021-11-15,6640.0,6679.5,6625.0,6643.0,95583216,1636945200.0
AL30,2021-11-16,6685.0,6685.0,6540.5,6580.0,28314284,1637031600.0
AL30,2021-11-17,6581.0,6590.0,6510.0,6514.0,25839696,1637118000.0
AL30,2021-11-18,6525.0,6528.5,6361.0,6383.0,22487076,1637204400.0
AL30,2021-11-19,6377.5,6432.0,6255.5,6375.0,33912900,1637290800.0
AL30,2021-11-23,6330.0,6349.0,6215.0,6220.0,27068198,1637636400.0
AL30,2021-11-24,6220.0,6250.0,6138.0,6177.0,18118724,1637722800.0
AL30,2021-11-25,6175.0,6175.0,6050.0,6086.0,13227550,1637809200.0
AL30,2021-11-26,6070.0,6070.0,5850.0,5855.0,20017672,1637895600.0
AL30,2021-11-29,5851.0,5950.0,5781.0,5930.0,21025482,1638154800.0
AL30,2021-11-30,5930.0,5930.0,5858.5,5889.0,22054240,1638241200.0
AL30,2021-12-01,5890.0,6340.0,5890.0,6339.0,19862136,1638327600.0
AL30,2021-12-02,6350.0,6406.0,6308.0,6342.0,21405004,1638414000.0
AL30,2021-12-03,6340.0,6580.0,6330.0,6575.0,21925040,1638500400.0
AL30,2021-12-06,6580.0,6699.0,6418.0,6687.0,20090932,1638759600.0
AL30,2021-12-07,6720.0,6845.0,6700.0,6795.0,26433362,1638846000.0
AL30,2021-12-09,6821.0,6821.0,6650.0,6683.0,20029800,1639018800.0
AL30,2021-12-10,6687.0,6687.0,6570.0,6595.0,16147548,1639105200.0
AL30,2021-12-13,6550.0,6550.0,6425.0,6463.0,18191732,1639364400.0
AL30,2021-12-14,6468.0,6484.0,6400.0,6405.0,17874712,1639450800.0
AL30,2021-12-15,6405.0,6449.0,6315.0,6347.0,14368299,1639537200.0
AL30,2021-12-16,6350.5,6399.0,6321.5,6347.0,11869427,1639623600.0
AL30,2021-12-17,6348.0,6400.0,6321.0,6391.0,15989831,1639710000.0
AL30,2021-12-20,6400.0,6449.0,6305.0,6373.0,17806622,1639969200.0
AL30,2021-12-21,6399.0,6449.0,6354.5,6429.0,14698756,1640055600.0
AL30,2021-12-22,6470.0,6495.0,6430.0,6435.0,16197676,1640142000.0
AL30,2021-12-23,6450.0,6479.0,6315.0,6335.0,14679291,1640228400.0
AL30,2021-12-27,6379.5,6405.0,6335.0,6400.0,15794502,1640574000.0
AL30,2021-12-28,6410.0,6495.0,6394.0,6477.0,19082516,1640660400.0
AL30,2021-12-29,6497.0,6590.0,6482.0,6510.0,16458611,1640746800.0
AL30,2021-12-30,6550.0,6580.0,6426.0,6468.0,18233264,1640833200.0
AL30,2022-01-03,6478.0,6574.0,6470.0,6554.5,12766468,1641178800.0
AL30,2022-01-04,6560.0,6597.0,6451.0,6465.0,21871418,1641265200.0
AL30,2022-01-05,6495.0,6500.0,6381.0,6410.0,19998424,1641351600.0
AL30,2022-01-06,6330.0,6360.0,6250.0,6271.0,18756240,1641438000.0
AL30,2022-01-07,6244.0,6270.0,6123.0,6160.0,13878812,1641524400.0
AL30,2022-01-10,6170.0,6233.0,6075.5,6205.0,12008723,1641783600.0
AL30,2022-01-11,6245.0,6250.0,6111.0,6134.5,16557423,1641870000.0
AL30,2022-01-12,6177.0,6199.5,6080.0,6083.0,14127919,1641956400.0
AL30,2022-01-13,6095.0,6095.0,5947.0,5982.0,18703724,1642042800.0
AL30,2022-01-14,5977.0,5977.0,5905.0,5934.0,21378064,1642129200.0
AL30,2022-01-17,5959.0,5967.5,5910.0,5964.0,11761444,1642388400.0
AL30,2022-01-18,5959.0,5960.0,5901.0,5931.0,14052480,1642474800.0
AL30,2022-01-19,5988.0,6069.0,5960.5,6059.0,18549386,1642561200.0
AL30,2022-01-20,6100.0,6141.0,6071.5,6100.0,19354264,1642647600.0
AL30,2022-01-21,6120.0,6160.0,6070.0,6127.0,15433571,1642734000.0
AL30,2022-01-24,6135.0,6139.5,6085.0,6095.0,18215230,1642993200.0
AL30,2022-01-25,6110.0,6192.0,6052.0,6186.5,14460309,1643079600.0
AL30,2022-01-26,6200.0,6430.0,6200.0,6358.0,17664986,1643166000.0
AL30,2022-01-27,6358.0,6455.0,6299.0,6415.0,20733300,1643252400.0
AL30,2022-01-28,6600.0,6799.0,6535.0,6660.0,19152966,1643338800.0
AL30,2022-01-31,6670.0,6805.0,6670.0,6788.0,19424516,1643598000.0
AL30,2022-02-01,6780.0,6799.0,6661.5,6751.0,12195068,1643684400.0
AL30,2022-02-02,6799.0,6844.5,6712.5,6721.0,15576288,1643770800.0
AL30,2022-02-03,6745.0,6745.0,6530.0,6579.0,12099425,1643857200.0
AL30,2022-02-04,6570.0,6595.0,6386.0,6400.0,10657998,1643943600.0
AL30,2022-02-07,6435.0,6450.0,6323.0,6440.0,8563733,1644202800.0
AL30,2022-02-08,6450.0,6517.0,6402.5,6419.0,10678326,1644289200.0
AL30,2022-02-09,6471.0,6471.0,6315.0,6326.5,10765785,1644375600.0
AL30,2022-02-10,6325.0,6325.0,6215.0,6270.0,9700761,1644462000.0
AL30,2022-02-11,6287.5,6297.0,6179.5,6179.5,13656801,1644548400.0
AL30,2022-02-14,6179.5,6223.0,6092.0,6150.0,10021210,1644807600.0
AL30,2022-02-15,6197.0,6244.0,6109.0,6200.0,13455877,1644894000.0
AL30,2022-02-16,6250.5,6274.0,6201.0,6227.0,16094193,1644980400.0
AL30,2022-02-17,6230.0,6253.0,6160.0,6180.0,9360484,1645066800.0
AL30,2022-02-18,6200.0,6258.0,6095.0,6197.0,14277230,1645153200.0
AL30,2022-02-21,6207.0,6224.0,6151.0,6208.5,10841353,1645412400.0
AL30,2022-02-22,6234.0,6270.0,6007.0,6025.0,13278900,1645498800.0
AL30,2022-02-23,6020.0,6045.0,5960.0,6022.0,11302415,1645585200.0
AL30,2022-02-24,5999.0,6020.0,5765.0,5952.0,11400070,1645671600.0
AL30,2022-02-25,5999.0,5999.0,5846.0,5860.0,17969292,1645758000.0
AL30,2022-03-02,5859.0,5870.0,5760.0,5800.0,26561732,1646190000.0
AL30,2022-03-03,5800.0,5949.5,5708.0,5820.0,17832876,1646276400.0
AL30,2022-03-04,5805.0,5805.0,5615.0,5624.0,17814688,1646362800.0
AL30,2022-03-07,5620.0,5660.0,5475.0,5507.0,15034432,1646622000.0
AL30,2022-03-08,5502.0,5527.0,5423.0,5440.0,20219680,1646708400.0
AL30,2022-03-09,5459.0,5542.5,5459.0,5496.0,31035568,1646794800.0
AL30,2022-03-10,5550.0,5580.0,5480.0,5570.0,24702684,1646881200.0
AL30,2022-03-11,5621.5,5714.5,5520.0,5530.0,25975764,1646967600.0
AL30,2022-03-14,5539.0,5569.5,5490.0,5534.0,18733076,1647226800.0
AL30,2022-03-15,5550.0,5550.0,5465.0,5538.0,17956846,1647313200.0
AL30,2022-03-16,5580.0,5730.0,5560.0,5729.5,26496932,1647399600.0
AL30,2022-03-17,5790.0,5815.0,5652.0,5780.0,19240016,1647486000.0
AL30,2022-03-18,5798.0,5809.0,5651.0,5670.0,16702902,1647572400.0
AL30,2022-03-21,5695.0,5745.0,5636.0,5734.5,14973238,1647831600.0
AL30,2022-03-22,5755.0,5768.5,5667.5,5709.0,14887521,1647918000.0
AL30,2022-03-23,5729.0,5729.0,5625.0,5644.0,13431558,1648004400.0
AL30,2022-03-25,5681.0,5795.0,5670.0,5780.0,18589944,1648177200.0
AL30,2022-03-28,5810.0,5848.0,5785.0,5800.0,16255857,1648436400.0
AL30,2022-03-29,5845.0,5883.0,5782.0,5790.0,16782682,1648522800.0
AL30,2022-03-30,5800.0,5850.0,5760.0,5850.0,17785016,1648609200.0
AL30,2022-03-31,5875.0,5898.0,5775.0,5810.0,18415224,1648695600.0
AL30,2022-04-01,5840.0,5846.0,5793.5,5829.0,15847434,1648782000.0
AL30,2022-04-04,5835.0,5948.0,5812.0,5936.0,20677836,1649041200.0
AL30,2022-04-05,5944.0,5989.5,5825.0,5837.0,21031484,1649127600.0
AL30,2022-04-06,5785.0,5890.0,5730.5,5815.0,20335188,1649214000.0
AL30,2022-04-07,5830.0,5838.5,5760.0,5796.5,16620950,1649300400.0
AL30,2022-04-08,5796.5,5835.0,5712.0,5716.0,12427080,1649386800.0
AL30,2022-04-11,5709.0,5720.5,5651.0,5675.0,15451524,1649646000.0
AL30,2022-04-12,5750.0,5750.0,5646.0,5676.0,10504407,1649732400.0
AL30,2022-04-13,5677.0,5720.0,5650.0,5705.0,22589784,1649818800.0
AL30,2022-04-18,5699.0,5749.0,5671.5,5717.0,24713960,1650250800.0
AL30,2022-04-19,5707.0,5720.0,5672.0,5716.5,19054800,1650337200.0
AL30,2022-04-20,5750.0,5800.0,5720.0,5789.0,16299923,1650423600.0
AL30,2022-04-21,5830.0,5929.0,5786.5,5920.0,15671953,1650510000.0
AL30,2022-04-22,5910.0,5976.5,5870.0,5900.0,15729651,1650596400.0
AL30,2022-04-25,5902.0,6000.0,5825.0,5985.0,18359952,1650855600.0
AL30,2022-04-26,6005.0,6043.0,5953.0,6043.0,19183896,1650942000.0
AL30,2022-04-27,6055.0,6100.0,5930.5,5958.0,17592840,1651028400.0
AL30,2022-04-28,5980.0,5995.0,5778.0,5803.0,11554647,1651114800.0
AL30,2022-04-29,5804.0,5817.0,5660.0,5785.0,17497478,1651201200.0
AL30,2022-05-02,5780.0,5859.5,5701.0,5825.0,14763538,1651460400.0
AL30,2022-05-03,5855.0,5900.0,5804.5,5862.0,16742494,1651546800.0
AL30,2022-05-04,5868.0,5887.0,5816.0,5851.0,17488286,1651633200.0
AL30,2022-05-05,5878.0,5878.0,5760.0,5793.0,14207125,1651719600.0
AL30,2022-05-06,5795.0,5795.0,5665.0,5675.0,17132574,1651806000.0
AL30,2022-05-09,5659.5,5674.5,5562.0,5605.0,14377835,1652065200.0
AL30,2022-05-10,5647.0,5660.0,5606.0,5639.0,9046306,1652151600.0
AL30,2022-05-11,5651.5,5698.0,5650.0,5660.0,10932528,1652238000.0
AL30,2022-05-12,5659.0,5659.0,5535.0,5569.5,10529177,1652324400.0
AL30,2022-05-13,5568.0,5623.0,5545.0,5590.0,11600007,1652410800.0
AL30,2022-05-16,5590.0,5609.0,5537.5,5579.5,10458819,1652670000.0
AL30,2022-05-17,5600.0,5646.5,5475.0,5500.0,10846594,1652756400.0
AL30,2022-05-19,5494.0,5518.0,5418.0,5502.0,13408511,1652929200.0
AL30,2022-05-20,5524.0,5569.0,5402.0,5410.0,18156660,1653015600.0
AL30,2022-05-23,5420.5,5519.0,5420.5,5489.0,12964586,1653274800.0
AL30,2022-05-24,5510.0,5510.0,5442.5,5490.0,14381226,1653361200.0
AL30,2022-05-26,5514.5,5552.0,5505.5,5545.0,9884106,1653534000.0
AL30,2022-05-27,5559.0,5579.0,5492.0,5492.0,10478412,1653620400.0
AL30,2022-05-30,5504.0,5568.0,5470.5,5535.0,14949265,1653879600.0
AL30,2022-05-31,5520.0,5520.0,5431.0,5443.0,11619981,1653966000.0
AL30,2022-06-01,5460.0,5509.5,5424.0,5451.0,14619930,1654052400.0
AL30,2022-06-02,5460.0,5493.5,5425.0,5438.0,11674839,1654138800.0
AL30,2022-06-03,5469.0,5469.0,5381.0,5400.0,8885733,1654225200.0
AL30,2022-06-06,5400.0,5445.0,5395.5,5438.0,15026468,1654484400.0
AL30,2022-06-07,5443.0,5450.0,5362.0,5378.5,11342106,1654570800.0
AL30,2022-06-08,5378.0,5400.0,5185.0,5196.5,13057232,1654657200.0
AL30,2022-06-09,5179.0,5228.0,5071.0,5219.0,17274592,1654743600.0
AL30,2022-06-10,5223.0,5267.5,5110.0,5241.0,20245584,1654830000.0
AL30,2022-06-13,5241.0,5296.0,5109.0,5285.0,16791492,1655089200.0
AL30,2022-06-14,5286.0,5340.0,5205.0,5330.0,15388016,1655175600.0
AL30,2022-06-15,5397.0,5479.0,5310.0,5470.0,11317033,1655262000.0
AL30,2022-06-16,5425.0,5425.0,5259.5,5285.0,12468844,1655348400.0
AL30,2022-06-21,5290.0,5336.0,5216.5,5280.0,12200926,1655780400.0
AL30,2022-06-22,5270.0,5274.5,5075.5,5110.0,12652592,1655866800.0
AL30,2022-06-23,5165.0,5165.0,5025.0,5050.0,8989946,1655953200.0
AL30,2022-06-24,5048.5,5078.5,4730.5,4829.0,18404388,1656039600.0
AL30,2022-06-27,4800.0,4930.0,4751.0,4883.0,21513440,1656298800.0
AL30,2022-06-28,4900.0,5170.0,4785.5,5090.0,20080700,1656385200.0
AL30,2022-06-29,5075.0,5408.0,5000.0,5391.0,28455928,1656471600.0
AL30,2022-06-30,5252.0,5465.0,5252.0,5330.0,27379552,1656558000.0
AL30,2022-07-01,5330.0,5450.0,5321.5,5355.0,20576854,1656644400.0
AL30,2022-07-04,5350.0,5485.0,5280.5,5470.0,25345608,1656903600.0
AL30,2022-07-05,5439.0,5439.0,5001.5,5128.5,24143708,1656990000.0
AL30,2022-07-06,5158.5,5158.5,4990.0,5124.5,14401897,1657076400.0
AL30,2022-07-07,5150.0,5380.0,5124.0,5300.0,20725422,1657162800.0
AL30,2022-07-08,5320.0,5394.0,5185.5,5297.5,19086934,1657249200.0
AL30,2022-07-11,5298.0,5298.0,5133.0,5241.0,13362432,1657508400.0
AL30,2022-07-12,5200.0,5219.0,5000.0,5001.0,34168500,1657594800.0
AL30,2022-07-13,4974.0,5079.0,4861.5,5065.0,14938932,1657681200.0
AL30,2022-07-14,5015.0,5149.0,4970.5,5104.0,11390331,1657767600.0
AL30,2022-07-15,5140.0,5175.0,5082.5,5162.0,10494037,1657854000.0
AL30,2022-07-18,5170.0,5270.0,5170.0,5256.0,12030933,1658113200.0
AL30,2022-07-19,5250.0,5440.0,5196.5,5399.0,12161289,1658199600.0
AL30,2022-07-20,5349.0,5504.5,5330.0,5475.0,13844499,1658286000.0
AL30,2022-07-21,5490.0,5774.0,5403.0,5650.0,18045482,1658372400.0
AL30,2022-07-22,5659.0,5660.0,5412.0,5455.0,16886628,1658458800.0
AL30,2022-07-25,5480.0,5628.0,5332.0,5600.0,16022679,1658718000.0
AL30,2022-07-26,5600.0,5833.5,5526.0,5740.0,13419597,1658804400.0
AL30,2022-07-27,5700.0,6209.5,5670.0,6190.0,20806902,1658890800.0
AL30,2022-07-28,6162.0,6699.0,6100.0,6520.0,22515826,1658977200.0
AL30,2022-07-29,6559.0,6700.0,6201.0,6359.0,26692436,1659063600.0
AL30,2022-08-01,6400.0,6527.5,6266.0,6340.5,25376060,1659322800.0
AL30,2022-08-02,6418.0,6449.0,6154.0,6270.0,21722228,1659409200.0
AL30,2022-08-03,6299.5,6340.0,6066.0,6180.0,19209764,1659495600.0
AL30,2022-08-04,6211.0,6305.0,6122.0,6200.0,13649826,1659582000.0
AL30,2022-08-05,6219.0,6230.0,6041.0,6150.0,20402560,1659668400.0
AL30,2022-08-08,6208.5,6288.5,6171.5,6281.0,12180034,1659927600.0
AL30,2022-08-09,6265.0,6280.0,6119.0,6127.0,12961422,1660014000.0
AL30,2022-08-10,6205.0,6239.0,6040.0,6060.0,10329240,1660100400.0
AL30,2022-08-11,6090.0,6150.0,5945.0,5980.0,14139151,1660186800.0
AL30,2022-08-12,6033.0,6033.0,5875.0,5943.0,13925608,1660273200.0
AL30,2022-08-16,5966.0,6075.0,5871.5,6002.0,15289421,1660618800.0
AL30,2022-08-17,6002.0,6002.0,5912.5,5950.0,9976135,1660705200.0
AL30,2022-08-18,5998.0,6038.5,5951.0,6032.0,11660357,1660791600.0
AL30,2022-08-19,6032.0,6123.0,5936.0,6105.0,19639218,1660878000.0
AL30,2022-08-22,6099.5,6150.0,6041.0,6130.5,13310500,1661137200.0
AL30,2022-08-23,6199.5,6340.0,6137.0,6313.0,16095005,1661223600.0
AL30,2022-08-24,6331.0,6590.0,6330.0,6500.0,20913044,1661310000.0
AL30,2022-08-25,6505.0,6607.5,6434.0,6450.0,18139916,1661396400.0
AL30,2022-08-26,6519.0,6519.0,6201.0,6240.0,12066240,1661482800.0
AL30,2022-08-29,6239.0,6239.0,6107.5,6138.0,14284319,1661742000.0
AL30,2022-08-30,6129.0,6279.0,6080.0,6235.0,11167980,1661828400.0
AL30,2022-08-31,6250.0,6319.0,6216.0,6268.0,17867388,1661914800.0
AL30,2022-09-01,6259.0,6313.0,6152.0,6182.0,17543960,1662001200.0
AL30,2022-09-05,6182.0,6280.0,6102.5,6271.0,19052138,1662346800.0
AL30,2022-09-06,6257.0,6257.0,6115.0,6180.0,17178800,1662433200.0
AL30,2022-09-07,6180.5,6240.0,6151.0,6194.5,13460247,1662519600.0
AL30,2022-09-08,6224.0,6280.0,6200.0,6227.0,9893766,1662606000.0
AL30,2022-09-09,6250.0,6321.0,6155.0,6188.0,11776740,1662692400.0
AL30,2022-09-12,6233.0,6275.0,6200.0,6223.0,10700085,1662951600.0
AL30,2022-09-13,6219.0,6251.5,6110.0,6116.0,16436163,1663038000.0
AL30,2022-09-14,6134.0,6190.0,6070.0,6159.5,11873728,1663124400.0
AL30,2022-09-15,6180.0,6379.0,6130.0,6335.0,19938470,1663210800.0
AL30,2022-09-16,6399.0,6399.0,6248.0,6334.0,6864911,1663297200.0
AL30,2022-09-19,6299.0,6490.0,6230.5,6445.0,13067851,1663556400.0
AL30,2022-09-20,6525.0,6600.0,6300.0,6360.0,12888029,1663642800.0
AL30,2022-09-21,6352.0,6424.5,6281.0,6385.0,15282674,1663729200.0
AL30,2022-09-22,6385.0,6409.0,6340.0,6361.0,10811288,1663815600.0
AL30,2022-09-23,6359.0,6359.0,6123.0,6150.0,14872255,1663902000.0
AL30,2022-09-26,6159.0,6159.0,5820.0,5859.0,15067647,1664161200.0
AL30,2022-09-27,5890.0,5890.0,5446.0,5480.0,19762036,1664247600.0
AL30,2022-09-28,5455.0,5770.5,5330.5,5730.0,23360370,1664334000.0
AL30,2022-09-29,5725.0,5750.0,5518.5,5590.0,16192812,1664420400.0
AL30,2022-09-30,5659.0,5665.5,5410.0,5475.0,10605357,1664506800.0
AL30,2022-10-03,5552.0,5810.0,5475.0,5773.0,14550056,1664766000.0
AL30,2022-10-04,5853.0,5969.5,5780.0,5798.0,15093440,1664852400.0
AL30,2022-10-05,5787.0,5787.0,5650.0,5686.5,12275071,1664938800.0
AL30,2022-10-06,5679.0,5724.0,5515.0,5515.0,10605275,1665025200.0
AL30,2022-10-11,5510.5,5592.0,5326.5,5434.0,13910088,1665457200.0
AL30,2022-10-12,5468.0,5565.0,5417.0,5538.0,12080597,1665543600.0
AL30,2022-10-13,5534.0,5630.0,5463.0,5625.0,12705311,1665630000.0
AL30,2022-10-14,5623.0,5662.5,5422.0,5453.5,9192284,1665716400.0
AL30,2022-10-17,5539.0,5539.0,5381.5,5410.0,12863219,1665975600.0
AL30,2022-10-18,5450.0,5494.5,5351.0,5400.0,8193303,1666062000.0
AL30,2022-10-19,5399.0,5399.0,5308.5,5360.0,9478822,1666148400.0
AL30,2022-10-20,5370.0,5440.0,5370.0,5404.0,8551477,1666234800.0
AL30,2022-10-21,5435.0,5560.0,5363.0,5530.0,17222704,1666321200.0
AL30,2022-10-24,5551.0,5869.0,5551.0,5851.0,13627737,1666580400.0
AL30,2022-10-25,5930.0,6029.0,5905.0,5962.0,15074619,1666666800.0
AL30,2022-10-26,5997.0,5997.0,5840.0,5859.0,12600193,1666753200.0
AL30,2022-10-27,5890.0,5898.5,5760.0,5834.0,7437332,1666839600.0
AL30,2022-10-28,5845.0,5909.5,5763.5,5798.0,10911900,1666926000.0
AL30,2022-10-31,5797.0,5819.5,5740.0,5775.0,11373828,1667185200.0
AL30,2022-11-01,5850.0,5910.0,5800.0,5880.0,11062808,1667271600.0
AL30,2022-11-02,5919.0,5919.0,5785.0,5790.0,12087938,1667358000.0
AL30,2022-11-03,5790.0,5837.5,5716.0,5815.0,11169369,1667444400.0
AL30,2022-11-04,5849.0,5911.5,5760.0,5799.0,8381800,1667530800.0
AL30,2022-11-07,5838.0,5946.0,5805.0,5925.0,13898588,1667790000.0
AL30,2022-11-08,5969.0,6080.0,5930.0,6023.0,12986609,1667876400.0
AL30,2022-11-09,6054.5,6054.5,5906.5,5955.0,11332026,1667962800.0
AL30,2022-11-10,6038.0,6239.0,6038.0,6180.0,13027217,1668049200.0
AL30,2022-11-11,6200.0,6245.0,6110.0,6209.0,12355841,1668135600.0
AL30,2022-11-14,6259.0,6410.0,6140.0,6351.0,14287968,1668394800.0
AL30,2022-11-15,6400.0,6950.0,6400.0,6899.0,20011844,1668481200.0
AL30,2022-11-16,6949.0,7179.0,6900.0,7100.0,30494336,1668567600.0
AL30,2022-11-17,7090.0,7248.5,6910.0,6905.0,32366716,1668654000.0
AL30,2022-11-18,6950.5,7085.0,6640.5,6704.0,20904132,1668740400.0
AL30,2022-11-22,6700.0,6910.0,6650.5,6896.0,13664970,1669086000.0
AL30,2022-11-23,6968.0,7045.0,6897.0,6954.5,17536412,1669172400.0
AL30,2022-11-24,6955.0,7267.5,6810.0,7135.0,11669338,1669258800.0
AL30,2022-11-25,7140.0,7195.0,7003.0,7075.0,10683307,1669345200.0
AL30,2022-11-28,7080.0,7145.0,6955.0,7070.0,12565137,1669604400.0
AL30,2022-11-29,7130.0,7249.0,7030.0,7200.0,20276484,1669690800.0
AL30,2022-11-30,7298.0,7500.0,7220.0,7470.0,15139165,1669777200.0
AL30,2022-12-01,7529.0,7696.5,7450.5,7645.0,5507910,1669863600.0
AL30,2022-12-02,7680.0,7696.0,7512.0,7552.0,8845032,1669950000.0
AL30,2022-12-05,7649.0,7650.0,7400.0,7460.0,12487538,1670209200.0
AL30,2022-12-06,7539.0,7615.0,7420.0,7483.0,12055949,1670295600.0
AL30,2022-12-07,7528.5,7654.0,7505.0,7627.0,12338972,1670382000.0
AL30,2022-12-12,7627.0,7757.5,7528.0,7680.0,18827390,1670814000.0
AL30,2022-12-13,7700.0,7850.0,7680.0,7760.0,9661705,1670900400.0
AL30,2022-12-14,7780.0,7826.0,7651.0,7760.0,9806229,1670986800.0
AL30,2022-12-15,7864.0,7935.0,7750.0,7875.0,14878569,1671073200.0
AL30,2022-12-16,7920.0,8047.5,7849.0,8047.5,13529299,1671159600.0
AL30,2022-12-19,8125.0,8400.0,8072.0,8400.0,16434890,1671418800.0
AL30,2022-12-20,8500.0,8500.0,8300.0,8350.0,2553245,1671505200.0
AL30,2022-12-21,8459.0,8725.0,8355.0,8648.0,15708441,1671591600.0
AL30,2022-12-22,8645.0,8787.0,8000.0,8200.0,11888448,1671678000.0
AL30,2022-12-23,8440.0,8440.0,8196.0,8385.0,14494318,1671764400.0
AL30,2022-12-26,8440.0,8550.0,8300.5,8313.0,11521164,1672023600.0
AL30,2022-12-27,8400.0,8525.5,8330.0,8495.0,23436488,1672110000.0
AL30,2022-12-28,8550.0,8690.0,8366.0,8366.0,17894314,1672196400.0
AL30,2022-12-29,8475.0,8475.0,8051.0,8123.0,9146120,1672282800.0
AL30,2022-12-30,8098.5,8140.0,7656.0,8110.0,10654380,1672369200.0
AL30,2023-01-02,8166.5,8268.0,8000.0,8185.0,8229914,1672628400.0
AL30,2023-01-03,8297.0,8400.0,8151.0,8371.0,13533990,1672714800.0
AL30,2023-01-04,8450.0,8690.0,8410.0,8640.0,14521169,1672801200.0
AL30,2023-01-05,8650.0,8709.0,8470.0,8539.5,15062297,1672887600.0
AL30,2023-01-06,8590.0,8605.0,8383.0,8475.0,14013256,1672974000.0
AL30,2023-01-09,8564.0,8758.0,8475.0,8674.0,28575568,1673233200.0
AL30,2023-01-10,8770.0,8770.0,8600.0,8710.0,23931212,1673319600.0
AL30,2023-01-11,8780.0,9269.5,8760.0,9240.0,23643906,1673406000.0
AL30,2023-01-12,9368.5,9700.0,9207.0,9662.0,17350100,1673492400.0
AL30,2023-01-13,9789.5,9840.0,9412.5,9740.0,16466887,1673578800.0
AL30,2023-01-16,9850.0,10299.0,9720.5,10219.0,18065674,1673838000.0
AL30,2023-01-17,10258.0,10726.5,10100.0,10495.0,20280364,1673924400.0
AL30,2023-01-18,11199.0,11300.0,10711.5,10760.0,31132706,1674010800.0
AL30,2023-01-19,10770.0,10800.0,10239.5,10330.0,19357008,1674097200.0
AL30,2023-01-20,10499.0,10900.0,10000.0,10778.0,23456992,1674183600.0
AL30,2023-01-23,10899.0,11218.0,10830.0,10990.0,21319756,1674442800.0
AL30,2023-01-24,11099.5,11195.0,10970.0,11076.0,10838722,1674529200.0
AL30,2023-01-25,11199.5,11388.0,11039.5,11260.0,17603432,1674615600.0
AL30,2023-01-26,11260.0,11380.0,11030.0,11165.0,30336372,1674702000.0
AL30,2023-01-27,11298.0,11399.5,11101.0,11390.0,21390976,1674788400.0
AL30,2023-01-30,11530.0,11597.0,11360.0,11489.0,25231164,1675047600.0
AL30,2023-01-31,11599.5,11599.5,11335.0,11369.0,14605217,1675134000.0
AL30,2023-02-01,11499.0,11499.0,11320.0,11369.0,16511002,1675220400.0
AL30,2023-02-02,11495.0,11590.0,11423.5,11470.0,16770175,1675306800.0
AL30,2023-02-03,11490.0,11500.0,11127.5,11137.0,12905346,1675393200.0
AL30,2023-02-06,10899.0,10899.5,10600.5,10649.5,14839528,1675652400.0
AL30,2023-02-07,10649.5,10788.0,10200.0,10477.0,27047300,1675738800.0
AL30,2023-02-08,10589.0,10642.5,10452.0,10527.0,18893142,1675825200.0
AL30,2023-02-09,10669.0,10725.5,10551.5,10598.0,11866324,1675911600.0
AL30,2023-02-10,10598.0,10598.0,10328.0,10399.0,12145068,1675998000.0
AL30,2023-02-13,10488.0,10488.0,10271.0,10363.0,14057762,1676257200.0
AL30,2023-02-14,10480.0,10480.0,10221.5,10280.0,13981254,1676343600.0
AL30,2023-02-15,10373.0,10373.0,10033.5,10115.0,13732820,1676430000.0
AL30,2023-02-16,10159.0,10159.0,9810.5,9834.0,14740626,1676516400.0
AL30,2023-02-17,9839.0,9839.0,9402.0,9475.0,19381100,1676602800.0
AL30,2023-02-22,9424.0,9890.0,9150.0,9775.0,25086832,1677034800.0
AL30,2023-02-23,9810.0,10265.0,9805.0,10235.0,22992576,1677121200.0
AL30,2023-02-24,10297.0,10297.0,9901.0,9952.5,24464562,1677207600.0
AL30,2023-02-27,10088.0,10288.5,10000.0,10235.0,26404176,1677466800.0
AL30,2023-02-28,10320.0,10402.0,10120.0,10190.0,20209292,1677553200.0
AL30,2023-03-01,10280.0,10280.0,9800.5,9840.0,18396346,1677639600.0
AL30,2023-03-02,9839.5,9889.5,9500.0,9663.0,26112192,1677726000.0
AL30,2023-03-03,9750.0,9983.5,9610.5,9750.0,18336520,1677812400.0
AL30,2023-03-06,9886.0,9990.0,9810.0,9990.0,17683452,1678071600.0
AL30,2023-03-07,10099.0,10099.0,9800.0,9875.0,17809192,1678158000.0
AL30,2023-03-08,9900.0,9925.0,9759.0,9830.0,16405630,1678244400.0
AL30,2023-03-09,9830.0,9966.5,9780.0,9810.0,15496755,1678330800.0
AL30,2023-03-10,9850.0,9850.0,9441.0,9499.0,16274937,1678417200.0
AL30,2023-03-13,9499.0,9650.0,9302.0,9458.0,19671292,1678676400.0
AL30,2023-03-14,9499.5,9638.5,9412.0,9467.0,16252891,1678762800.0
AL30,2023-03-15,9379.0,9398.0,9180.0,9328.0,17529976,1678849200.0
AL30,2023-03-16,9349.0,9750.0,9250.0,9745.0,15712666,1678935600.0
AL30,2023-03-17,9745.0,9745.0,9511.5,9610.0,11987433,1679022000.0
AL30,2023-03-20,9600.0,9699.0,9503.0,9590.0,19491724,1679281200.0
AL30,2023-03-21,9677.0,9801.0,9590.0,9695.0,19776284,1679367600.0
AL30,2023-03-22,9598.0,9598.0,9010.5,9140.0,36829564,1679454000.0
AL30,2023-03-23,9189.0,9233.0,8829.0,8916.5,28851766,1679540400.0
AL30,2023-03-27,9000.0,9000.0,8723.0,8750.0,21055204,1679886000.0
AL30,2023-03-28,8789.0,9099.0,8630.0,9028.0,21855036,1679972400.0
AL30,2023-03-29,9152.0,9633.0,9152.0,9633.0,25655712,1680058800.0
AL30,2023-03-30,9780.0,10150.0,9760.0,10150.0,37449180,1680145200.0
AL30,2023-03-31,10292.0,10330.0,10155.0,10190.0,26223668,1680231600.0
AL30,2023-04-03,10299.5,10488.0,10150.0,10360.5,16448116,1680490800.0
AL30,2023-04-04,10400.0,10500.0,10025.0,10065.0,24671020,1680577200.0
AL30,2023-04-05,9800.5,9885.0,9600.0,9866.0,15794604,1680663600.0
AL30,2023-04-10,9850.0,9949.0,9685.0,9864.0,15276703,1681095600.0
AL30,2023-04-11,9976.5,10044.0,9755.0,9835.0,19651998,1681182000.0
AL30,2023-04-12,9975.0,10080.0,9870.0,10080.0,17541340,1681268400.0
AL30,2023-04-13,10195.0,10249.5,9989.5,10190.0,12841175,1681354800.0
AL30,2023-04-14,10300.0,10300.0,9820.0,9895.0,18037620,1681441200.0
AL30,2023-04-17,9994.0,10218.0,9900.0,9980.0,21556332,1681700400.0
AL30,2023-04-18,10087.0,10275.0,9952.0,9970.0,40934860,1681786800.0
AL30,2023-04-19,9995.0,9999.0,8900.0,8900.0,98030272,1681873200.0
AL30,2023-04-20,9099.0,9600.0,9099.0,9338.0,53752636,1681959600.0
AL30,2023-04-21,9301.0,9492.0,9245.0,9320.0,140827072,1682046000.0
AL30,2023-04-24,9370.0,9500.0,9203.0,9230.0,167060096,1682305200.0
AL30,2023-04-25,9345.0,9345.0,9216.5,9226.0,360057152,1682391600.0
AL30,2023-04-26,9315.0,9315.0,9251.0,9260.0,220118496,1682478000.0
AL30,2023-04-27,9339.0,9339.0,8945.0,9000.0,187961056,1682564400.0
AL30,2023-04-28,9030.0,9039.0,8800.0,9001.0,159866656,1682650800.0
AL30,2023-05-02,9127.80664,9360.75,8787.0,9127.80664,36408412,1682996400.0
AL30,2023-05-03,9189.5,9189.5,8991.0,9063.0,303327840,1683082800.0
AL30,2023-05-04,9058.0,9330.0,8967.0,9058.0,43043312,1683169200.0
AL30,2023-05-05,9119.0,9119.0,9060.5,9070.0,189314032,1683255600.0
AL30,2023-05-08,9120.0,9120.0,9060.0,9065.0,195451104,1683514800.0
AL30,2023-05-09,9079.0,9142.5,9067.0,9070.0,423134208,1683601200.0
AL30,2023-05-10,9125.03613,9320.0,9057.39,9125.03613,30871916,1683687600.0
AL30,2023-05-11,9448.46484,9600.0,9199.6,9448.46484,63914168,1683774000.0
AL30,2023-05-12,9500.0,9740.0,9472.5,9642.0,193202304,1683860400.0
AL30,2023-05-15,10282.82422,10775.5,9780.0,10282.82422,63529328,1684119600.0
AL30,2023-05-16,10150.0,10418.0,10140.0,10380.0,328568992,1684206000.0
AL30,2023-05-17,10449.44824,10994.9,9998.2,10449.44824,44578028,1684292400.0
AL30,2023-05-18,10475.0,10475.0,10070.0,10300.0,147850304,1684378800.0
AL30,2023-05-19,10350.0,10450.0,10293.0,10345.0,166884272,1684465200.0
AL30,2023-05-22,10381.0,10449.0,10275.0,10280.0,211976688,1684724400.0
AL30,2023-05-23,10350.0,10556.5,10331.0,10350.0,26004704,1684810800.0
AL30,2023-05-24,10339.0,10363.0,10010.0,10129.0,110889184,1684897200.0
AL30,2023-05-29,10239.0,10239.0,10029.5,10153.0,147447712,1685329200.0
AL30,2023-05-30,10162.59961,10600.0,9986.75,10162.59961,29570732,1685415600.0
AL30,2023-05-31,10484.45605,10758.0,10003.7,10484.45605,69696128,1685502000.0
AL30,2023-06-01,10269.78125,10615.1,10155.8,10269.78125,94370672,1685588400.0
AL30,2023-06-02,10257.3877,10526.0,10199.8,10257.3877,66902240,1685674800.0
AL30,2023-06-05,10481.71094,10623.3,10160.0,10481.71094,48468540,1685934000.0
AL30,2023-06-06,10745.37695,10993.0,10507.3,10745.37695,87925376,1686020400.0
AL30,2023-06-07,11249.38379,11730.0,10519.5,11249.38379,32116220,1686106800.0
AL30,2023-06-08,11152.65039,11396.5,10912.9,11152.65039,28301000,1686193200.0
AL30,2023-06-09,11090.0,11168.0,10950.0,10954.0,131949648,1686279600.0
AL30,2023-06-12,11069.0,11400.0,10975.0,11219.0,180108768,1686538800.0
AL30,2023-06-13,11338.0,11539.5,11220.0,11221.0,329295296,1686625200.0
AL30,2023-06-14,11330.0,11345.5,11210.0,11232.0,211776096,1686711600.0
AL30,2023-06-15,11314.0,11430.0,11270.0,11307.0,223098832,1686798000.0
AL30,2023-06-16,11373.0,11379.0,11216.0,11307.0,151057056,1686884400.0
AL30,2023-06-21,11355.0,12552.5,11355.0,12520.0,203596464,1687316400.0
AL30,2023-06-22,12622.0,13499.5,12622.0,12850.0,217852640,1687402800.0
AL30,2023-06-23,12874.5,12917.0,12470.0,12844.0,163185440,1687489200.0
AL30,2023-06-26,13229.0,13999.0,13229.0,13532.0,188714480,1687748400.0
AL30,2023-06-27,13532.0,13559.5,13400.0,13462.0,110273920,1687834800.0
AL30,2023-06-28,13550.0,13921.0,13531.0,13862.0,145938800,1687921200.0
AL30,2023-06-29,13950.0,14082.5,13923.0,13968.0,89776576,1688007600.0
AL30,2023-06-30,14100.0,14250.0,14026.5,14225.0,89750224,1688094000.0
AL30,2023-07-03,14395.0,14973.0,14325.0,14810.0,106379760,1688353200.0
AL30,2023-07-04,14990.0,15043.0,14560.5,14850.0,92943248,1688439600.0
AL30,2023-07-05,14950.0,15100.0,14560.5,14585.0,143510032,1688526000.0
AL30,2023-07-06,14410.0,14410.0,13685.0,13719.0,121098032,1688612400.0
AL30,2023-07-07,13790.0,13790.0,13405.0,13653.0,148844960,1688698800.0
AL30,2023-07-10,13776.0,14334.0,13710.0,14260.0,107643432,1688958000.0
AL30,2023-07-11,14399.0,14730.0,14399.0,14642.0,163535216,1689044400.0
AL30,2023-07-12,14797.0,14935.5,14420.5,14467.0,174901008,1689130800.0
AL30,2023-07-13,14796.42773,15067.0,14200.0,14796.42773,61860008,1689217200.0
AL30,2023-07-14,14525.0,14590.0,14031.0,14050.0,206114048,1689303600.0
AL30,2023-07-17,14200.0,14460.5,14150.5,14160.0,258038912,1689562800.0
AL30,2023-07-18,14277.0,14277.0,14055.0,14060.0,218468176,1689649200.0
AL30,2023-07-19,14130.0,14130.0,13985.0,14020.0,120323128,1689735600.0
AL30,2023-07-20,14024.0,14335.5,13802.0,14250.0,196715664,1689822000.0
AL30,2023-07-21,14299.0,14555.0,14270.0,14505.0,135930240,1689908400.0
AL30,2023-07-24,14859.0,14900.0,14680.0,14800.0,122081304,1690167600.0
AL30,2023-07-25,14937.0,15290.0,14670.5,15060.0,230991120,1690254000.0
AL30,2023-07-26,15120.0,15120.0,14642.5,15040.0,162213648,1690340400.0
AL30,2023-07-27,14987.0,15207.0,14903.5,15090.0,123287408,1690426800.0
AL30,2023-07-28,15200.0,15699.0,15200.0,15455.0,182320400,1690513200.0
AL30,2023-07-31,15579.0,15899.5,15555.0,15627.0,204888352,1690772400.0
AL30,2023-08-01,15755.38867,16513.2,15480.0,15755.38867,45567328,1690858800.0
AL30,2023-08-02,15799.0,16105.5,15721.0,16020.0,257804480,1690945200.0
AL30,2023-08-03,16100.0,16336.0,15860.5,16114.0,16405630,1691031600.0
AL30,2023-08-04,16199.0,16585.0,16150.0,16270.0,282522496,1691118000.0
AL30,2023-08-07,16400.0,17100.0,16338.0,17000.0,384427456,1691377200.0
AL30,2023-08-08,17284.0,17589.0,17060.0,17070.0,498158656,1691463600.0
AL30,2023-08-09,17200.0,17380.0,17123.0,17300.0,437047872,1691550000.0
AL30,2023-08-10,17500.0,18046.5,17500.0,17665.0,366484800,1691636400.0
AL30,2023-08-11,17890.0,17890.0,17570.0,17620.0,318634880,1691722800.0
AL30,2023-08-14,17700.0,18150.0,17100.0,18150.0,200587104,1691982000.0
AL30,2023-08-15,18248.0,18600.5,17819.0,18249.0,163005248,1692068400.0
AL30,2023-08-16,18300.0,18720.0,18300.0,18650.0,289529376,1692154800.0
AL30,2023-08-17,18991.0,20000.0,18750.5,19880.0,194794384,1692241200.0
AL30,2023-08-18,19988.0,20939.0,19900.0,20675.0,169186848,1692327600.0
AL30,2023-08-22,20900.0,21599.5,20850.0,21428.0,174820400,1692673200.0
AL30,2023-08-23,21675.0,21974.0,21430.0,21609.0,152407200,1692759600.0
AL30,2023-08-24,21703.0,21872.0,21400.0,21788.0,123751512,1692846000.0
AL30,2023-08-25,21800.0,22420.5,21755.0,22366.0,144832720,1692932400.0
AL30,2023-08-28,22785.0,23405.0,22690.0,23140.0,184426832,1693191600.0
AL30,2023-08-29,23387.0,23820.0,23320.0,23630.0,198302608,1693278000.0
AL30,2023-08-30,23738.0,23999.0,22462.5,23049.0,302932032,1693364400.0
AL30,2023-08-31,23150.0,23391.0,22440.0,22535.0,205538400,1693450800.0
AL30,2023-09-01,22699.0,22750.0,22000.0,22200.0,190782688,1693537200.0
AL30,2023-09-04,22300.0,22596.5,22034.5,22121.0,194308960,1693796400.0
AL30,2023-09-05,21600.0,22233.0,21500.0,21629.0,176871152,1693882800.0
AL30,2023-09-06,21688.0,21689.0,21337.0,21530.0,180802016,1693969200.0
AL30,2023-09-07,21699.5,21796.5,21390.0,21465.0,206615744,1694055600.0
AL30,2023-09-08,21597.0,21740.0,20500.0,20880.0,192329920,1694142000.0
AL30,2023-09-11,20982.0,20989.0,20651.0,20780.0,150958176,1694401200.0
AL30,2023-09-12,20878.0,21083.0,20653.0,20937.0,165984112,1694487600.0
AL30,2023-09-13,20999.0,21380.0,20950.0,20988.0,219474032,1694574000.0
AL30,2023-09-14,21100.0,21395.0,21020.0,21040.0,204541536,1694660400.0
AL30,2023-09-15,21100.0,21129.0,20852.5,20900.0,152501008,1694746800.0
AL30,2023-09-18,20989.0,21500.0,20755.5,21175.0,185896816,1695006000.0
AL30,2023-09-19,21238.0,21347.5,20781.0,20857.0,203244560,1695092400.0
AL30,2023-09-20,20919.0,20935.0,20450.0,20480.0,178447040,1695178800.0
AL30,2023-09-21,20290.0,20290.0,19837.5,20000.0,207418432,1695265200.0
AL30,2023-09-22,20000.0,20181.5,19896.5,20030.0,242433264,1695351600.0
AL30,2023-09-25,20050.0,20770.0,19800.0,20400.0,274264224,1695610800.0
AL30,2023-09-26,20497.0,20968.0,20340.0,20813.0,233659296,1695697200.0
AL30,2023-09-27,20921.5,21350.0,20870.5,21015.0,377704672,1695783600.0
AL30,2023-09-28,21144.0,21282.0,20500.0,20777.0,458560448,1695870000.0
AL30,2023-09-29,20870.0,20903.5,20481.0,20490.0,404017216,1695956400.0
AL30,2023-10-02,20580.0,20580.0,20156.0,20239.0,485840320,1696215600.0
AL30,2023-10-03,20239.0,20347.0,19820.0,20190.0,420735296,1696302000.0
AL30,2023-10-04,20250.0,20799.5,20250.0,20727.0,464633888,1696388400.0
AL30,2023-10-05,20920.0,21299.5,20824.0,20987.0,503397280,1696474800.0
AL30,2023-10-06,21080.0,21690.0,20780.0,21440.0,467166624,1696561200.0
AL30,2023-10-09,21790.0,22590.0,21600.0,22170.0,570654912,1696820400.0
AL30,2023-10-10,22622.0,22968.5,22500.0,22665.0,672418176,1696906800.0
AL30,2023-10-11,22999.0,23899.0,22900.0,23010.0,715915072,1696993200.0
AL30,2023-10-12,23499.0,23520.0,23100.0,23340.0,558213568,1697079600.0
AL30,2023-10-17,23788.0,24500.0,23602.0,24270.0,819579584,1697511600.0
AL30,2023-10-18,24475.0,25249.0,24350.0,24610.0,695990208,1697598000.0
AL30,2023-10-19,24831.0,25024.0,24506.0,24506.0,516532704,1697684400.0
AL30,2023-10-20,24730.0,25730.0,24550.0,25390.0,403135232,1697770800.0
AL30,2023-10-23,24499.5,24499.5,22100.0,22998.0,257582528,1698030000.0
AL30,2023-10-24,23799.0,23993.5,22232.5,22574.0,252554560,1698116400.0
AL30,2023-10-25,22690.0,23400.0,21405.0,23284.0,276387424,1698202800.0
AL30,2023-10-26,23400.0,23548.0,21901.0,21961.0,223679472,1698289200.0
AL30,2023-10-27,22050.5,22298.0,20807.0,21063.0,188324208,1698375600.0
AL30,2023-10-30,20759.0,21375.0,20546.0,21300.0,256443472,1698634800.0
AL30,2023-10-31,21499.0,21785.5,21050.0,21430.0,263840400,1698721200.0
AL30,2023-11-01,21584.0,22149.0,21305.0,22035.0,198396576,1698807600.0
AL30,2023-11-02,22111.0,22625.0,22108.0,22370.0,167985872,1698894000.0
AL30,2023-11-03,22510.0,22800.0,22053.0,22370.0,176795968,1698980400.0
AL30,2023-11-07,22600.0,22739.5,22200.0,22720.0,213332608,1699326000.0
AL30,2023-11-08,22740.0,22868.5,22310.0,22400.0,224045984,1699412400.0
AL30,2023-11-09,22499.0,22720.0,22220.0,22662.0,169144128,1699498800.0
AL30,2023-11-10,22600.0,23430.0,22576.0,23315.0,191725456,1699585200.0
AL30,2023-11-13,23500.0,23559.0,22840.5,22926.0,188075568,1699844400.0
AL30,2023-11-14,22900.0,23100.0,22651.0,22797.5,190673616,1699930800.0
AL30,2023-11-15,22800.0,22980.0,22722.0,22901.0,210208896,1700017200.0
AL30,2023-11-16,22950.0,23400.0,22950.0,23325.0,243077856,1700103600.0
AL30,2023-11-17,23570.0,23570.0,21779.0,22749.0,273830688,1700190000.0
AL30,2023-11-21,24100.0,28000.0,24100.0,27911.0,262311408,1700535600.0
AL30,2023-11-22,28220.0,31800.0,28220.0,30699.0,299757184,1700622000.0
AL30,2023-11-23,31000.0,33395.0,30455.0,32899.0,197155440,1700708400.0
AL30,2023-11-24,33050.0,34899.0,31502.0,32388.0,199168176,1700794800.0
AL30,2023-11-27,32400.0,33066.5,30222.0,30740.0,194773136,1701054000.0
AL30,2023-11-28,30775.0,30800.0,28617.0,28900.0,157016480,1701140400.0
AL30,2023-11-29,29300.0,29596.5,28250.0,28735.0,214813408,1701226800.0
AL30,2023-11-30,28735.0,30351.0,27698.5,30351.0,240363376,1701313200.0
AL30,2023-12-01,30352.0,32597.5,30302.0,32560.0,243558128,1701399600.0
AL30,2023-12-04,32800.0,33460.0,31280.0,32137.0,248001344,1701658800.0
AL30,2023-12-05,32100.0,33600.0,31800.0,33538.0,262512336,1701745200.0
AL30,2023-12-06,33600.0,35200.0,33600.0,34999.0,240583680,1701831600.0
AL30,2023-12-07,35000.0,37633.5,34650.0,37199.0,288379680,1701918000.0
AL30,2023-12-11,37225.0,38450.0,36110.0,37074.5,167547440,1702263600.0
AL30,2023-12-12,37500.0,39200.0,37001.5,38700.0,167929712,1702350000.0
AL30,2023-12-13,40615.0,42787.5,38106.0,39699.0,221656000,1702436400.0
AL30,2023-12-14,40000.0,40500.0,38500.0,39970.0,219641264,1702522800.0
AL30,2023-12-15,40449.0,40449.0,38610.0,38868.5,184595664,1702609200.0
AL30,2023-12-18,39098.0,39200.0,38000.0,38375.0,177701888,1702868400.0
AL30,2023-12-19,38500.0,38934.0,37520.0,37570.0,148750416,1702954800.0
AL30,2023-12-20,37620.0,38019.0,36340.0,36798.0,145158928,1703041200.0
AL30,2023-12-21,37510.0,37950.0,36689.5,37605.0,135265824,1703127600.0
AL30,2023-12-22,37720.0,37900.0,36120.0,36480.0,130018992,1703214000.0
AL30,2023-12-26,36480.0,36750.0,35849.0,36340.0,141145920,1703559600.0
AL30,2023-12-27,36410.0,36530.0,35601.0,35630.0,119036432,1703646000.0
AL30,2023-12-28,35700.0,36149.5,35450.0,35800.0,99797816,1703732400.0
AL30,2023-12-29,36000.0,37815.0,35701.0,37815.0,110698088,1703818800.0
AL30,2024-01-02,37998.0,38299.0,36910.0,38048.0,117109464,1704164400.0
AL30,2024-01-03,38179.0,39410.0,37693.5,39400.0,135078416,1704250800.0
AL30,2024-01-04,39400.0,40190.0,39125.0,39590.0,136093536,1704337200.0
AL30,2024-01-05,39890.0,41550.0,39205.0,41340.0,110869168,1704423600.0
AL30,2024-01-08,41000.0,42770.0,40900.0,41780.0,115105856,1704682800.0
AL30,2024-01-09,41945.0,42140.0,40860.0,40860.0,135644640,1704769200.0
AL30,2024-01-10,40900.0,42785.0,40900.0,42445.0,210970752,1704855600.0
AL30,2024-01-11,42800.0,43900.0,41990.0,41990.0,139137008,1704942000.0
AL30,2024-01-12,42490.0,42600.0,41200.0,41405.0,119691768,1705028400.0
AL30,2024-01-15,41500.0,42905.0,41000.0,42600.0,117365256,1705287600.0
AL30,2024-01-16,42700.0,44340.0,42120.0,43860.0,194125776,1705374000.0
AL30,2024-01-17,43300.0,46125.0,43300.0,45700.0,165824992,1705460400.0
AL30,2024-01-18,46005.0,47095.0,45700.0,46260.0,177852528,1705546800.0
AL30,2024-01-19,46275.0,47085.0,45650.0,47010.0,132096080,1705633200.0
AL30,2024-01-22,47200.0,48850.0,47005.0,48675.0,148684480,1705892400.0
AL30,2024-01-23,48720.0,49200.0,46960.0,48450.0,150120864,1705978800.0
AL30,2024-01-24,48505.0,49500.0,48295.0,49200.0,142388096,1706065200.0
AL30,2024-01-25,49530.0,50210.0,49270.0,49770.0,141034464,1706151600.0
AL30,2024-01-26,48124.375,49990.0,45998.4,48124.375,27550964,1706238000.0
AL30,2024-01-29,47500.0,48950.0,46400.0,48780.0,129265952,1706497200.0
AL30,2024-01-30,48855.0,49495.0,47570.0,47670.0,140210528,1706583600.0
AL30,2024-01-31,47840.0,48160.0,46620.0,46730.0,122196008,1706670000.0
AL30,2024-02-01,47000.0,49300.0,46810.0,49260.0,127734400,1706756400.0
AL30,2024-02-02,49250.0,50150.0,49065.0,49465.0,115350984,1706842800.0
AL30,2024-02-05,50160.0,51000.0,49350.0,50670.0,132075288,1707102000.0
AL30,2024-02-06,50680.0,51050.0,49555.0,50590.0,121285280,1707188400.0
AL30,2024-02-07,49995.0,50140.0,48510.0,49110.0,99888680,1707274800.0
AL30,2024-02-08,49215.0,49980.0,48400.0,48600.0,113551776,1707361200.0
AL30,2024-02-09,48515.0,49000.0,47195.0,47435.0,106026896,1707447600.0
AL30,2024-02-14,47390.0,47990.0,47125.0,47795.0,119411864,1707879600.0
AL30,2024-02-15,47795.0,49500.0,47795.0,48500.0,108053208,1707966000.0
AL30,2024-02-16,48700.0,48970.0,46650.0,48400.0,122951840,1708052400.0
AL30,2024-02-19,48900.0,50910.0,48500.0,50700.0,144569904,1708311600.0
AL30,2024-02-20,50700.0,51340.0,48630.0,48740.0,176441056,1708398000.0
AL30,2024-02-21,48700.0,49000.0,46835.0,47150.0,132702984,1708484400.0
AL30,2024-02-22,47175.0,48120.0,47175.0,47850.0,118052512,1708570800.0
AL30,2024-02-23,47900.0,48500.0,47270.0,48140.0,146200960,1708657200.0
AL30,2024-02-26,48140.0,48600.0,46870.0,46875.0,94418112,1708916400.0
AL30,2024-02-27,46750.0,46750.0,45720.0,45850.0,103317232,1709002800.0
AL30,2024-02-28,46010.0,46400.0,45315.0,46200.0,145834976,1709089200.0
AL30,2024-02-29,46500.0,47785.0,46450.0,47225.0,130709872,1709175600.0
AL30,2024-03-01,47370.0,49190.0,47100.0,48870.0,124268824,1709262000.0
AL30,2024-03-04,49410.0,51100.0,48550.0,48800.0,125439040,1709521200.0
AL30,2024-03-05,48730.0,48730.0,47215.0,47400.0,104180824,1709607600.0
AL30,2024-03-06,47600.0,47750.0,46635.0,47000.0,147351920,1709694000.0
AL30,2024-03-07,47175.0,47440.0,46450.0,47290.0,119457072,1709780400.0
AL30,2024-03-08,47405.0,47680.0,46750.0,46770.0,116735320,1709866800.0
AL30,2024-03-11,46695.0,46740.0,45805.0,45960.0,89589504,1710126000.0
AL30,2024-03-12,46700.0,50130.0,46700.0,49385.0,157169424,1710212400.0
AL30,2024-03-13,49980.0,51000.0,49220.0,49375.0,160579744,1710298800.0
AL30,2024-03-14,49700.0,49700.0,48370.0,48550.0,85840600,1710385200.0
AL30,2024-03-15,48500.0,49850.0,48000.0,49840.0,101263288,1710471600.0
AL30,2024-03-18,50000.0,51000.0,49840.0,50790.0,106732352,1710730800.0
AL30,2024-03-19,51060.0,52310.0,51060.0,52000.0,166872640,1710817200.0
AL30,2024-03-20,52510.0,55000.0,52510.0,54300.0,142493072,1710903600.0
AL30,2024-03-21,55180.0,55190.0,53550.0,54320.0,138075568,1710990000.0
AL30,2024-03-22,54600.0,55350.0,53980.0,55300.0,120522288,1711076400.0
AL30,2024-03-25,55510.0,55850.0,54700.0,54800.0,125121784,1711335600.0
AL30,2024-03-26,55010.0,55660.0,55010.0,55360.0,101435064,1711422000.0
AL30,2024-03-27,55410.0,55670.0,54800.0,54950.0,85847456,1711508400.0
AL30,2024-04-03,54590.0,55580.0,54200.0,55510.0,126648752,1712113200.0
AL30,2024-04-04,56250.0,56690.0,55520.0,55790.0,110285136,1712199600.0
AL30,2024-04-05,56130.0,56990.0,55570.0,56950.0,104449472,1712286000.0
AL30,2024-04-08,56890.0,58290.0,56300.0,57870.0,118292528,1712545200.0
AL30,2024-04-09,58010.0,58500.0,57300.0,57710.0,137666320,1712631600.0
AL30,2024-04-10,57350.0,57350.0,55260.0,55380.0,104203824,1712718000.0
AL30,2024-04-11,54890.0,56690.0,54500.0,56170.0,117503688,1712804400.0
AL30,2024-04-12,56170.0,56460.0,54850.0,55200.0,90583240,1712890800.0
AL30,2024-04-15,54990.0,56500.0,54460.0,55470.0,122988776,1713150000.0
AL30,2024-04-16,55260.0,55790.0,54660.0,55450.0,130628632,1713236400.0
AL30,2024-04-17,56500.0,57890.0,55850.0,57900.0,143165680,1713322800.0
AL30,2024-04-18,57960.0,59350.0,57810.0,59220.0,125606192,1713409200.0
AL30,2024-04-19,59310.0,59590.0,58800.0,58940.0,100553504,1713495600.0
AL30,2024-04-22,59150.0,60970.0,59150.0,61000.0,113931688,1713754800.0
AL30,2024-04-23,61100.0,61110.0,59850.0,59990.0,103926008,1713841200.0
AL30,2024-04-24,59600.0,59600.0,58560.0,58810.0,112746208,1713927600.0
AL30,2024-04-25,58010.0,59600.0,57990.0,59500.0,114290384,1714014000.0
AL30,2024-04-26,59600.0,60850.0,59600.0,60150.0,100584344,1714100400.0
AL30,2024-04-29,60410.0,61370.0,60410.0,61270.0,113068200,1714359600.0
AL30,2024-04-30,61560.0,62190.0,60800.0,61100.0,105432888,1714446000.0
AL30,2024-05-02,61100.0,62500.0,61010.0,62330.0,110742256,1714618800.0
AL30,2024-05-03,62450.0,63330.0,62050.0,62460.0,99695640,1714705200.0
AL30,2024-05-06,62510.0,63170.0,61610.0,63070.0,121609840,1714964400.0
AL30,2024-05-07,63310.0,63590.0,62260.0,62270.0,120256496,1715050800.0
AL30,2024-05-08,62190.0,62190.0,61080.0,61090.0,117171768,1715137200.0
AL30,2024-05-09,61080.0,61390.0,60150.0,60910.0,115445544,1715223600.0
AL30,2024-05-10,60190.0,60840.0,60150.0,60290.0,81317728,1715310000.0
AL30,2024-05-13,60300.0,61580.0,60030.0,61400.0,127912688,1715569200.0
AL30,2024-05-14,61850.0,62180.0,61420.0,61770.0,124143672,1715655600.0
AL30,2024-05-15,62010.0,63020.0,61860.0,63020.0,140662992,1715742000.0
AL30,2024-05-16,63120.0,63500.0,62700.0,62800.0,98982888,1715828400.0
AL30,2024-05-17,62900.0,62930.0,62270.0,62650.0,109123744,1715914800.0
AL30,2024-05-20,62650.0,65280.0,62200.0,65300.0,152177264,1716174000.0
AL30,2024-05-21,65320.0,68250.0,65270.0,68040.0,195363600,1716260400.0
AL30,2024-05-22,68000.0,69800.0,67360.0,68680.0,209824448,1716346800.0
AL30,2024-05-23,68680.0,69500.0,66860.0,67460.0,143210560,1716433200.0
AL30,2024-05-24,67500.0,67840.0,65150.0,65640.0,142946208,1716519600.0
AL30,2024-05-27,65900.0,67990.0,65290.0,67550.0,135749360,1716778800.0
AL30,2024-05-28,67600.0,67700.0,65800.0,67070.0,146001952,1716865200.0
AL30,2024-05-29,67120.0,67670.0,66570.0,66850.0,173632256,1716951600.0
AL30,2024-05-30,67500.0,68700.0,67340.0,68420.0,140417264,1717038000.0
AL30,2024-05-31,68520.0,69410.0,68300.0,68700.0,135928112,1717124400.0
AL30,2024-06-03,68950.0,70100.0,68550.0,69680.0,115309464,1717383600.0
AL30,2024-06-04,69600.0,70500.0,67860.0,68190.0,134285184,1717470000.0
AL30,2024-06-05,68100.0,68150.0,66960.0,67170.0,135918096,1717556400.0
AL30,2024-06-06,66700.0,67300.0,64120.0,64300.0,178199120,1717642800.0
AL30,2024-06-07,64000.0,66170.0,63810.0,66040.0,177738880,1717729200.0
AL30,2024-06-10,66240.0,69180.0,66240.0,69040.0,180688160,1717988400.0
AL30,2024-06-11,69200.0,69250.0,67700.0,68090.0,132234864,1718074800.0
AL30,2024-06-12,68310.0,69620.0,68310.0,68820.0,162386544,1718161200.0
AL30,2024-06-13,70500.0,71500.0,68550.0,69750.0,167983328,1718247600.0
AL30,2024-06-14,69810.0,70760.0,69450.0,70260.0,113436504,1718334000.0
AL30,2024-06-18,70230.0,71420.0,70230.0,71180.0,129006800,1718679600.0
AL30,2024-06-19,71490.0,72170.0,71320.0,71690.0,126503352,1718766000.0
AL30,2024-06-24,71000.0,72490.0,71000.0,71820.0,112600608,1719198000.0
AL30,2024-06-25,71990.0,72490.0,71700.0,72400.0,126442240,1719284400.0
AL30,2024-06-26,72500.0,74190.0,72500.0,73960.0,156459136,1719370800.0
AL30,2024-06-27,74050.0,74580.0,73560.0,74310.0,148580976,1719457200.0
AL30,2024-06-28,74500.0,75250.0,73460.0,74340.0,149849408,1719543600.0
AL30,2024-07-01,74350.0,76070.0,74300.0,76020.0,174993280,1719802800.0
AL30,2024-07-02,76100.0,76700.0,75500.0,75880.0,172607584,1719889200.0
AL30,2024-07-03,76340.0,76340.0,73250.0,73770.0,169578176,1719975600.0
AL30,2024-07-04,74000.0,74690.0,73100.0,74250.0,125099208,1720062000.0
AL30,2024-07-05,74250.0,74870.0,73780.0,74210.0,117298480,1720148400.0
AL30,2024-07-08,68180.0,69260.0,67810.0,68540.0,126629136,1720407600.0
AL30,2024-07-10,68850.0,70780.0,68750.0,70660.0,191291056,1720580400.0
AL30,2024-07-11,70820.0,71600.0,70770.0,71570.0,146882480,1720666800.0
AL30,2024-07-12,71500.0,71900.0,70310.0,70570.0,122560656,1720753200.0
AL30,2024-07-15,69800.0,69800.0,63530.0,64200.0,237181072,1721012400.0
AL30,2024-07-16,62950.0,64470.0,60190.0,62860.0,289425440,1721098800.0
AL30,2024-07-17,63000.0,63940.0,62410.0,63310.0,296347488,1721185200.0
AL30,2024-07-18,63550.0,64490.0,63150.0,63410.0,321749632,1721271600.0
AL30,2024-07-19,63360.0,63850.0,62160.0,62590.0,229924688,1721358000.0
AL30,2024-07-22,62600.0,64860.0,62500.0,64750.0,197826288,1721617200.0
AL30,2024-07-23,65010.0,65990.0,64170.0,64320.0,303077792,1721703600.0
AL30,2024-07-24,64360.0,64890.0,63550.0,64000.0,152527104,1721790000.0
AL30,2024-07-25,63970.0,63970.0,62840.0,62920.0,140245760,1721876400.0
AL30,2024-07-26,63200.0,63890.0,62300.0,63380.0,168153088,1721962800.0
AL30,2024-07-29,63600.0,64200.0,62180.0,62300.0,176085456,1722222000.0
AL30,2024-07-30,62290.0,62290.0,61060.0,61180.0,182281184,1722308400.0
AL30,2024-07-31,61600.0,65300.0,61400.0,64990.0,239190592,1722394800.0
AL30,2024-08-01,65000.0,65980.0,63040.0,63070.0,336452352,1722481200.0
AL30,2024-08-02,63060.0,63100.0,61510.0,62700.0,210404272,1722567600.0
AL30,2024-08-05,61580.0,63230.0,59760.0,62970.0,189686112,1722826800.0
AL30,2024-08-06,63100.0,63900.0,62190.0,63880.0,166667200,1722913200.0
AL30,2024-08-07,64000.0,64660.0,63400.0,63960.0,195374208,1722999600.0
AL30,2024-08-08,63900.0,64380.0,63610.0,63950.0,150250896,1723086000.0
AL30,2024-08-09,64200.0,64250.0,63050.0,63200.0,135977648,1723172400.0
AL30,2024-08-12,63290.0,63300.0,62420.0,63190.0,142140336,1723431600.0
AL30,2024-08-13,63230.0,63390.0,62100.0,62250.0,141126896,1723518000.0
AL30,2024-08-14,62730.0,63250.0,62310.0,63250.0,157611264,1723604400.0
AL30,2024-08-15,63300.0,64190.0,63030.0,64040.0,155676960,1723690800.0
AL30,2024-08-16,64200.0,65030.0,63890.0,64700.0,143790608,1723777200.0
AL30,2024-08-19,64700.0,65310.0,64480.0,64750.0,141025184,1724036400.0
AL30,2024-08-20,65280.0,65280.0,64360.0,64700.0,192754704,1724122800.0
AL30,2024-08-21,64790.0,64790.0,63980.0,64200.0,150243344,1724209200.0
AL30,2024-08-22,62000.0,63870.0,61900.0,63520.0,307807936,1724295600.0
AL30,2024-08-23,63110.0,64890.0,63020.0,64430.0,213452592,1724382000.0
AL30,2024-08-26,64460.0,65250.0,64200.0,65250.0,175030496,1724641200.0
AL30,2024-08-27,65300.0,65850.0,64900.0,65750.0,162073600,1724727600.0
AL30,2024-08-28,65510.0,67170.0,65500.0,67110.0,236786416,1724814000.0
AL30,2024-08-29,67560.0,68750.0,67560.0,68410.0,281787040,1724900400.0
AL30,2024-08-30,69000.0,69980.0,68790.0,69630.0,258428288,1724986800.0
AL30,2024-09-02,70100.0,71100.0,69390.0,70470.0,257187664,1725246000.0
AL30,2024-09-03,70290.0,70590.0,69830.0,70160.0,198374288,1725332400.0
AL30,2024-09-04,70100.0,70350.0,69900.0,70020.0,141970512,1725418800.0
AL30,2024-09-05,70030.0,70660.0,69360.0,69600.0,152914352,1725505200.0
AL30,2024-09-06,69040.0,69700.0,68100.0,68500.0,127135544,1725591600.0
AL30,2024-09-09,68420.0,69600.0,68220.0,69440.0,159222992,1725850800.0
AL30,2024-09-10,69700.0,69910.0,68950.0,69200.0,148946992,1725937200.0
AL30,2024-09-11,69270.0,69430.0,68760.0,68840.0,188981520,1726023600.0
AL30,2024-09-12,69000.0,69390.0,68480.0,69200.0,176532592,1726110000.0
AL30,2024-09-13,69330.0,69580.0,69130.0,69360.0,126467856,1726196400.0
AL30,2024-09-16,69590.0,70340.0,69570.0,70300.0,165875280,1726455600.0
AL30,2024-09-17,70230.0,70330.0,69800.0,70050.0,118827776,1726542000.0
AL30,2024-09-18,70000.0,70260.0,69900.0,70050.0,118091464,1726628400.0
AL30,2024-09-19,70220.0,70620.0,69990.0,70080.0,109032192,1726714800.0
AL30,2024-09-20,69900.0,70130.0,69080.0,69870.0,120464448,1726801200.0
AL30,2024-09-23,69900.0,70180.0,69430.0,70130.0,146144896,1727060400.0
AL30,2024-09-24,70130.0,70380.0,69990.0,70000.0,114859448,1727146800.0
AL30,2024-09-25,70090.0,70350.0,70020.0,70180.0,103651088,1727233200.0
AL30,2024-09-26,70180.0,70350.0,69650.0,69690.0,98956480,1727319600.0
AL30,2024-09-27,69800.0,69900.0,69260.0,69530.0,96036432,1727406000.0
AL30,2024-09-30,69480.0,70770.0,69320.0,70800.0,126863888,1727665200.0
AL30,2024-10-01,71190.0,71450.0,70880.0,71240.0,114165904,1727751600.0
AL30,2024-10-02,71350.0,71400.0,71040.0,71050.0,113250288,1727838000.0
AL30,2024-10-03,71060.0,71190.0,70620.0,70670.0,95181560,1727924400.0
AL30,2024-10-04,70490.0,70840.0,70240.0,70610.0,94490056,1728010800.0
AL30,2024-10-07,70700.0,71370.0,70400.0,71340.0,130730768,1728270000.0
AL30,2024-10-08,71610.0,71990.0,71000.0,71190.0,112779320,1728356400.0
AL30,2024-10-09,71260.0,71630.0,71110.0,71180.0,137616349,98212868.0
AL30,2024-10-10,71130.0,71470.0,70100.0,70190.0,109430153,77515075.0
