especie,fecha,apertura,maximo,minimo,cierre,volumen,timestamp
GD30C,2020-09-15,49.75,50,49.5,49.5,322447,1600138800
GD30C,2020-09-16,46,46.5,46,46.5,862267,1600225200
GD30C,2020-09-17,45.5,45.5,45.2,45.2,238500,1600311600
GD30C,2020-09-18,44.25,45,44.25,45,775435,1600398000
GD30C,2020-09-21,42.5,42.75,42.5,42.75,20944,1600657200
GD30C,2020-09-22,42.8,43,42.25,42.25,1408339,1600743600
GD30C,2020-09-23,41.25,42,40.6,41.5,1342530,1600830000
GD30C,2020-09-24,41.5,43,41.5,42.25,4650888,1600916400
GD30C,2020-09-25,42.49,42.49,41.3,42.4,604789,1601002800
GD30C,2020-09-28,43,43,42,42,140378,1601262000
GD30C,2020-09-29,42.1,42.25,41.5,41.5,1639468,1601348400
GD30C,2020-09-30,42.1,42.4,41.5,41.5,170053,1601434800
GD30C,2020-10-01,42.5,42.5,42,42.25,1801525,1601521200
GD30C,2020-10-02,41.5,41.9,41.25,41.45,1114732,1601607600
GD30C,2020-10-05,41.25,41.25,40.5,40.5,1446045,1601866800
GD30C,2020-10-06,40.5,40.7,40.4,40.5,366726,1601953200
GD30C,2020-10-07,40.75,41.1,40.3,41.1,2471803,1602039600
GD30C,2020-10-08,41.25,41.5,40.99,41.5,2576045,1602126000
GD30C,2020-10-09,41.35,41.75,41,41,421868,1602212400
GD30C,2020-10-13,41.25,42,41.01,42,861232,1602558000
GD30C,2020-10-14,40.99,41.35,40.8,41,2339072,1602644400
GD30C,2020-10-15,40.25,41.55,40.25,41.25,3382137,1602730800
GD30C,2020-10-16,41,41.25,40.85,40.9,2374252,1602817200
GD30C,2020-10-19,40,41.25,40,41.25,10338197,1603076400
GD30C,2020-10-20,39.9,39.9,38.9,39.05,4897241,1603162800
GD30C,2020-10-21,39.25,39.25,37.75,37.75,5351822,1603249200
GD30C,2020-10-22,37.75,38.3,37.75,37.9,445151,1603335600
GD30C,2020-10-23,38.6,38.6,38,38,1449759,1603422000
GD30C,2020-10-26,38.5,38.75,38.02,38.4,6290467,1603681200
GD30C,2020-10-27,38.4,38.5,37.81,37.81,3723406,1603767600
GD30C,2020-10-28,37.7,37.95,36.9,37.95,3372012,1603854000
GD30C,2020-10-29,37.7,37.7,37,37.15,2981336,1603940400
GD30C,2020-10-30,37.15,38,37,38,2957954,1604026800
GD30C,2020-11-02,37.75,38.35,37.75,38.3,13542184,1604286000
GD30C,2020-11-03,38.65,38.85,38.3,38.75,2888965,1604372400
GD30C,2020-11-04,38.79,39,38.5,38.95,4657830,1604458800
GD30C,2020-11-05,39,39.75,38.8,38.85,6413695,1604545200
GD30C,2020-11-06,39,39,38.85,38.9,409778,1604631600
GD30C,2020-11-09,40,40.25,39.75,39.9,1465401,1604890800
GD30C,2020-11-10,39.7,39.9,39.7,39.9,1365556,1604977200
GD30C,2020-11-11,40,40.65,39.95,40.65,645405,1605063600
GD30C,2020-11-12,40.5,40.95,40,40.95,1981296,1605150000
GD30C,2020-11-13,40.7,41,40.61,41,2762727,1605236400
GD30C,2020-11-16,41.25,41.35,41,41.3,3707042,1605495600
GD30C,2020-11-17,41,41,40.1,40.4,3694702,1605582000
GD30C,2020-11-18,40.55,40.75,40.45,40.7,1669660,1605668400
GD30C,2020-11-19,40.4,40.4,39.4,39.9,6182736,1605754800
GD30C,2020-11-20,40,40.2,39.65,40.2,7836317,1605841200
GD30C,2020-11-24,39.8,40.2,39.7,40.2,2592312,1606186800
GD30C,2020-11-25,40.2,40.25,39.8,39.9,6226580,1606273200
GD30C,2020-11-26,40,40.6,39.76,40.6,4009817,1606359600
GD30C,2020-11-27,40.25,40.6,40.1,40.4,24234560,1606446000
GD30C,2020-11-30,40.15,40.2,39.25,39.65,14524210,1606705200
GD30C,2020-12-01,39.42,39.75,39.35,39.55,10686237,1606791600
GD30C,2020-12-02,39.35,40.5,38.9,39.49,12811605,1606878000
GD30C,2020-12-03,39.2,39.3,38.85,39.2,6824579,1606964400
GD30C,2020-12-04,39.25,39.25,38.85,38.95,4815611,1607050800
GD30C,2020-12-09,39,39.1,38.75,39,16311057,1607482800
GD30C,2020-12-10,38.95,39.54,38.8,39.41,8711150,1607569200
GD30C,2020-12-11,39.3,40.4,39.21,39.91,8398463,1607655600
GD30C,2020-12-14,40.9,40.9,40.35,40.7,6285210,1607914800
GD30C,2020-12-15,40.5,40.6,39.95,40.1,4678662,1608001200
GD30C,2020-12-16,40,40.4,39.9,40.4,7584936,1608087600
GD30C,2020-12-17,39.9,40.6,39.9,40.48,8802789,1608174000
GD30C,2020-12-18,40.3,40.9,40.2,40.8,6029940,1608260400
GD30C,2020-12-21,40.7,41,40.3,40.94,9215112,1608519600
GD30C,2020-12-22,40.6,41,40.6,40.8,12678972,1608606000
GD30C,2020-12-23,40.81,41.2,40.81,41.15,14480919,1608692400
GD30C,2020-12-28,41.05,41.5,40.97,41.5,12308037,1609124400
GD30C,2020-12-29,41.1,41.14,40.85,41.1,4863279,1609210800
GD30C,2020-12-30,40.75,41.5,40.75,41.31,17406440,1609297200
GD30C,2021-01-04,41,41,40.2,40.25,24217750,1609729200
GD30C,2021-01-05,40.1,40.19,39.6,40.15,20627952,1609815600
GD30C,2021-01-06,40.05,40.7,39.85,40.6,24117156,1609902000
GD30C,2021-01-07,40.5,40.7,40.2,40.6,15871343,1609988400
GD30C,2021-01-08,40.4,40.6,40.05,40.05,16116652,1610074800
GD30C,2021-01-11,39.6,40,39.5,39.95,11279529,1610334000
GD30C,2021-01-12,40,40,39,39.45,21428064,1610420400
GD30C,2021-01-13,39.2,39.6,38.3,38.6,43298740,1610506800
GD30C,2021-01-14,38,38.6,38,38.47,16945546,1610593200
GD30C,2021-01-15,38.4,38.69,38.1,38.3,19851774,1610679600
GD30C,2021-01-18,38.25,39,38.25,38.9,9493156,1610938800
GD30C,2021-01-19,38.65,39.3,38.56,39.11,13018814,1611025200
GD30C,2021-01-20,39.35,39.35,39.05,39.2,8000897,1611111600
GD30C,2021-01-21,39.35,39.35,38.6,38.76,14422160,1611198000
GD30C,2021-01-22,38.72,39.4,38.72,39.35,10439317,1611284400
GD30C,2021-01-25,39.35,39.45,39.1,39.25,10532071,1611543600
GD30C,2021-01-26,39.25,39.52,39.2,39.21,11470609,1611630000
GD30C,2021-01-27,39.2,39.4,38.5,39.2,7923208,1611716400
GD30C,2021-01-28,39,39.25,38.82,38.9,10305649,1611802800
GD30C,2021-01-29,38.9,39.25,38,38.88,14213550,1611889200
GD30C,2021-02-01,39.1,39.3,38.85,39.25,11284418,1612148400
GD30C,2021-02-02,39.05,39.1,38.65,38.78,11647372,1612234800
GD30C,2021-02-03,39,39,38.11,38.4,15847282,1612321200
GD30C,2021-02-04,38.9,38.9,38.35,38.41,22472552,1612407600
GD30C,2021-02-05,38,38.83,38,38.79,14182240,1612494000
GD30C,2021-02-08,38.85,39.3,38.85,39.01,14782366,1612753200
GD30C,2021-02-09,38.99,38.99,38.65,38.72,13577659,1612839600
GD30C,2021-02-10,38.9,38.9,38.46,38.54,18776590,1612926000
GD30C,2021-02-11,38.4,38.7,38.2,38.5,11445149,1613012400
GD30C,2021-02-12,38.5,38.8,38.41,38.63,10074202,1613098800
GD30C,2021-02-17,37.7,38.25,37.7,38.25,19933156,1613530800
GD30C,2021-02-18,38.15,38.39,37.83,37.84,20881354,1613617200
GD30C,2021-02-19,37.75,37.91,37.26,37.73,17910452,1613703600
GD30C,2021-02-22,37.25,37.49,37.1,37.3,13273241,1613962800
GD30C,2021-02-23,37.1,37.12,36.7,36.8,22272960,1614049200
GD30C,2021-02-24,36.6,37.14,36.6,37.1,11801243,1614135600
GD30C,2021-02-25,37.03,37.1,36.75,36.87,14973763,1614222000
GD30C,2021-02-26,36.94,36.94,36.4,36.5,22093884,1614308400
GD30C,2021-03-01,37,37,36.51,36.69,20192744,1614567600
GD30C,2021-03-02,36.51,36.75,35.89,35.95,27261908,1614654000
GD30C,2021-03-03,35.6,36,35.36,35.75,25268992,1614740400
GD30C,2021-03-04,35.9,35.92,35.41,35.62,31405960,1614826800
GD30C,2021-03-05,35.7,35.7,34.71,34.6,25269532,1614913200
GD30C,2021-03-10,33.15,33.4,32.8,32.8,8576,1615345200
GD30C,2021-03-11,33.7,33.95,33.04,33.37,7815,1615431600
GD30C,2021-03-12,33.35,34.2,32.85,33.95,20984590,1615518000
GD30C,2021-03-15,34.45,35,34.09,34.48,28733838,1615777200
GD30C,2021-03-16,34.5,35.23,34.5,34.9,28873438,1615863600
GD30C,2021-03-17,34.7,35.65,34.66,35.42,25078924,1615950000
GD30C,2021-03-18,35.59,35.59,35,35.17,22893560,1616036400
GD30C,2021-03-19,35.2,35.72,34.85,35.56,16195978,1616122800
GD30C,2021-03-22,35.25,35.99,35.12,35.88,24254566,1616382000
GD30C,2021-03-23,35.65,35.9,35.3,35.34,17705568,1616468400
GD30C,2021-03-25,34.4,35,34.1,34.65,33529,1616641200
GD30C,2021-03-26,34.85,34.9,34.35,34.46,23220960,1616727600
GD30C,2021-03-29,34.5,34.5,33.89,33.92,13125320,1616986800
GD30C,2021-03-30,33.6,33.75,33.1,33.4,13529397,1617073200
GD30C,2021-03-31,34,34.2,33.4,33.52,27347848,1617159600
GD30C,2021-04-05,33.65,33.99,33.5,33.74,17712160,1617591600
GD30C,2021-04-06,33.8,33.9,33.6,33.84,18077248,1617678000
GD30C,2021-04-07,33.77,33.85,33.6,33.8,14121949,1617764400
GD30C,2021-04-08,33.55,33.95,33.55,33.89,22726856,1617850800
GD30C,2021-04-09,33.65,33.8,33.55,33.65,16509339,1617937200
GD30C,2021-04-12,33.9,34.5,33.9,34.23,9395498,1618196400
GD30C,2021-04-13,34.3,34.44,34.2,34.36,20312640,1618282800
GD30C,2021-04-14,34.7,35,34.05,34.23,25879032,1618369200
GD30C,2021-04-15,34.2,34.4,33.95,33.95,13579277,1618455600
GD30C,2021-04-16,34.2,34.61,34.06,34.47,20794260,1618542000
GD30C,2021-04-19,34.1,34.81,34.1,34.62,7424174,1618801200
GD30C,2021-04-20,34.51,34.85,34.45,34.55,13227727,1618887600
GD30C,2021-04-21,34.6,34.75,34.45,34.72,6848345,1618974000
GD30C,2021-04-22,34.63,35.25,34.61,35.1,17717216,1619060400
GD30C,2021-04-23,35.1,35.4,35,35.36,14873847,1619146800
GD30C,2021-04-26,35.35,35.9,34.44,35.8,41676,1619406000
GD30C,2021-04-27,35.8,36.28,35.8,36.04,21329688,1619492400
GD30C,2021-04-28,36,36.15,35.91,35.98,26766806,1619578800
GD30C,2021-04-29,35.8,35.95,35.35,35.7,18454148,1619665200
GD30C,2021-04-30,35.5,36.29,35.4,36.26,5917,1619751600
GD30C,2021-05-03,36.08,36.17,35.8,36.09,23973040,1620010800
GD30C,2021-05-04,35.76,36.15,35.09,36.06,29483756,1620097200
GD30C,2021-05-05,35.86,36.09,35.66,35.87,24785034,1620183600
GD30C,2021-05-06,35.84,35.84,35.48,35.55,17965176,1620270000
GD30C,2021-05-07,35.6,35.7,35.15,35.45,27283744,1620356400
GD30C,2021-05-10,35.35,35.63,35.2,35.33,19341216,1620615600
GD30C,2021-05-11,35,35.2,34.75,34.79,31322180,1620702000
GD30C,2021-05-12,34.65,35.35,34.6,35.25,21888040,1620788400
GD30C,2021-05-13,35.2,35.38,35.17,35.26,12247463,1620874800
GD30C,2021-05-14,35.4,36.45,35.4,36.25,11234108,1620961200
GD30C,2021-05-17,36.45,37.2,36.45,37.1,150000,1621220400
GD30C,2021-05-18,36.91,37.25,36.51,37.1,61,1621306800
GD30C,2021-05-19,36.5,36.86,36.26,36.5,102809,1621393200
GD30C,2021-05-20,36.75,36.87,36.25,36.55,110124,1621479600
GD30C,2021-05-21,36.63,36.65,36.1,36.15,0,1621566000
GD30C,2021-05-26,36.9,37.39,36.9,37.3,21103258,1621998000
GD30C,2021-05-27,37.05,37.49,37.05,37.35,9726173,1622084400
GD30C,2021-05-28,37.05,37.5,37.05,37.25,1650,1622170800
GD30C,2021-05-31,37.2,37.47,37,37.28,2997623,1622430000
GD30C,2021-06-01,37.31,37.61,37.1,37.45,14907658,1622516400
GD30C,2021-06-02,37.65,38.35,37.65,38.22,18744970,1622602800
GD30C,2021-06-03,38.17,38.2,37.65,37.68,18068292,1622689200
GD30C,2021-06-04,37.68,37.85,37.55,37.75,14381623,1622775600
GD30C,2021-06-07,37.66,38.2,37.5,38.19,11590754,1623034800
GD30C,2021-06-08,38.1,38.59,38.1,38.5,14006582,1623121200
GD30C,2021-06-09,38.77,39.25,38.77,38.95,14644462,1623207600
GD30C,2021-06-10,39,39.15,38.76,38.96,18883618,1623294000
GD30C,2021-06-11,39,39.29,38.85,38.93,10985600,1623380400
GD30C,2021-06-14,38.8,39.05,38.77,39.04,18493148,1623639600
GD30C,2021-06-15,38.9,38.9,38.67,38.77,14330296,1623726000
GD30C,2021-06-16,38.75,39,38.3,38.67,17525008,1623812400
GD30C,2021-06-17,38.7,38.7,38.1,38.29,32665862,1623898800
GD30C,2021-06-18,37.9,38.5,37.9,38.49,18238584,1623985200
GD30C,2021-06-22,37.73,37.73,37.2,37.62,38088080,1624330800
GD30C,2021-06-23,38.18,38.18,37,37.64,46973640,1624417200
GD30C,2021-06-24,37.55,37.6,37.13,37.18,35986456,1624503600
GD30C,2021-06-25,36.75,36.8,36.1,36.6,36947736,1624590000
GD30C,2021-06-28,36.59,36.85,36.2,36.36,44784600,1624849200
GD30C,2021-06-29,36.1,36.48,35.88,36.3,38194688,1624935600
GD30C,2021-06-30,36.25,36.43,36,36.35,34487180,1625022000
GD30C,2021-07-01,36.4,36.6,36.31,36.58,10506538,1625108400
GD30C,2021-07-02,36.57,36.57,36.01,36.2,21048716,1625194800
GD30C,2021-07-05,36.2,36.87,36.15,36.7,16704656,1625454000
GD30C,2021-07-06,36.36,36.49,36.05,36.1,29694898,1625540400
GD30C,2021-07-07,36.16,36.39,35.95,36.04,21013664,1625626800
GD30C,2021-07-08,35.94,35.95,35.57,35.74,20790242,1625713200
GD30C,2021-07-12,35.75,37.4,35.75,37.4,8377168,1626058800
GD30C,2021-07-13,37.4,37.5,36.66,37,1165518,1626145200
GD30C,2021-07-14,37.35,37.44,36.7,36.7,1008010,1626231600
GD30C,2021-07-15,36.5,37.1,36.5,36.95,1387071,1626318000
GD30C,2021-07-16,36.6,36.89,35.86,35.95,3668420,1626404400
GD30C,2021-07-19,36,37,35.96,36.7,2183652,1626663600
GD30C,2021-07-20,36.05,37.1,36.05,36.61,3230369,1626750000
GD30C,2021-07-21,36.7,37.2,36.7,36.91,2397213,1626836400
GD30C,2021-07-22,36.8,37,36.71,36.9,2797129,1626922800
GD30C,2021-07-23,36.7,37.45,36.54,37.3,1782862,1627009200
GD30C,2021-07-26,37.29,37.5,36.8,37.4,2119322,1627268400
GD30C,2021-07-27,37,37.3,36.75,37,2384365,1627354800
GD30C,2021-07-28,36.62,37.3,36.55,37.3,3975044,1627441200
GD30C,2021-07-29,37.25,37.25,36.84,37.1,3073580,1627527600
GD30C,2021-07-30,37.1,37.6,36.8,37.6,2156674,1627614000
GD30C,2021-08-02,37.1,38,37.05,37.84,4781474,1627873200
GD30C,2021-08-03,37.89,37.89,37.26,37.41,3028833,1627959600
GD30C,2021-08-04,37.36,37.51,37.25,37.35,2465564,1628046000
GD30C,2021-08-05,36.75,37.7,36.75,37.5,1756487,1628132400
GD30C,2021-08-06,37.74,37.75,37.1,37.21,1730574,1628218800
GD30C,2021-08-09,37.45,37.45,37,37.32,1794184,1628478000
GD30C,2021-08-10,37.47,37.5,37.2,37.5,832065,1628564400
GD30C,2021-08-11,37,37.73,37,37.6,1102640,1628650800
GD30C,2021-08-12,37.6,38.89,37.5,38.89,907971,1628737200
GD30C,2021-08-13,38.68,39.5,38.65,39.2,152477,1628823600
GD30C,2021-08-17,38,38.01,37.8,37.8,127994,1629169200
GD30C,2021-08-18,37.25,37.25,37.25,37.25,27365,1629255600
GD30C,2021-08-19,37.45,37.45,37.45,37.45,42723,1629342000
GD30C,2021-08-20,37.4,37.4,36.6,36.82,444393,1629428400
GD30C,2021-08-23,38,38,37.75,37.85,303970,1629687600
GD30C,2021-08-24,38.55,39,38.5,38.7,332373,1629774000
GD30C,2021-08-25,38.5,38.75,38.4,38.4,361775,1629860400
GD30C,2021-08-26,38.5,38.5,38.5,38.5,82459,1629946800
GD30C,2021-08-27,38.3,38.36,38.3,38.36,78631,1630033200
GD30C,2021-08-30,39,39,39,39,50000,1630292400
GD30C,2021-08-31,39.4,39.4,39.34,39.4,16256,1630378800
GD30C,2021-09-01,39.5,39.5,39.5,39.5,50000,1630465200
GD30C,2021-09-02,39.5,39.8,39.5,39.8,866,1630551600
GD30C,2021-09-06,39.95,39.95,39.95,39.95,86325,1630897200
GD30C,2021-09-07,40.45,40.45,40.4,40.43,85652,1630983600
GD30C,2021-09-10,38.8,38.99,38.25,38.75,695798,1631242800
GD30C,2021-09-13,40.74,40.75,40,40,773518,1631502000
GD30C,2021-09-14,40.7,41.1,40.5,41.1,465142,1631588400
GD30C,2021-09-16,40.25,40.25,40.25,40.25,5000,1631761200
GD30C,2021-09-17,39,39,39,39,9855,1631847600
GD30C,2021-09-20,39.14,39.14,39.14,39.14,258,1632106800
GD30C,2021-09-21,38.75,39,37.5,37.5,95981,1632193200
GD30C,2021-09-22,38.14,38.14,37.4,37.9,108773,1632279600
GD30C,2021-09-23,37.6,37.6,37,37,29363,1632366000
GD30C,2021-09-24,37.5,37.5,36.25,36.25,98802,1632452400
GD30C,2021-09-27,36.75,37,36.75,37,17104,1632711600
GD30C,2021-09-28,37.24,37.25,36.9,36.9,10057,1632798000
GD30C,2021-09-29,37.5,37.5,37.25,37.5,250181,1632884400
GD30C,2021-09-30,37.5,37.99,36.94,37,115267,1632970800
GD30C,2021-10-01,37,37.5,36.75,36.75,91371,1633057200
GD30C,2021-10-04,37.4,37.4,37.29,37.3,49660,1633316400
GD30C,2021-10-05,37.24,37.9,37,37.9,357439,1633402800
GD30C,2021-10-06,37.45,37.75,37.25,37.3,862833,1633489200
GD30C,2021-10-07,37.5,37.7,37.4,37.5,2392105,1633575600
GD30C,2021-10-12,37,37,36.5,36.95,543417,1634007600
GD30C,2021-10-13,36.8,36.8,36.49,36.5,1619372,1634094000
GD30C,2021-10-14,36.65,36.7,36.5,36.55,2057995,1634180400
GD30C,2021-10-15,36.4,36.65,36.2,36.39,3565349,1634266800
GD30C,2021-10-18,36.15,36.25,35.9,36,2107122,1634526000
GD30C,2021-10-19,36.1,36.2,35.8,36.2,1560499,1634612400
GD30C,2021-10-20,36.35,36.35,36.1,36.15,1857715,1634698800
GD30C,2021-10-21,35.9,35.99,35.7,35.99,5032701,1634785200
GD30C,2021-10-22,35.71,35.8,35.32,35.76,5410412,1634871600
GD30C,2021-10-25,35.3,35.8,35.3,35.6,2261263,1635130800
GD30C,2021-10-26,35.8,35.83,35.6,35.65,1644456,1635217200
GD30C,2021-10-27,35.7,35.89,35.45,35.5,2160862,1635303600
GD30C,2021-10-28,35.3,35.4,34.75,35,3977507,1635390000
GD30C,2021-10-29,34.6,34.6,34.46,34.5,1322403,1635476400
GD30C,2021-11-01,34.4,34.4,33.9,34.1,6989488,1635735600
GD30C,2021-11-02,34,34.25,33.95,33.95,8116116,1635822000
GD30C,2021-11-03,33.75,34.05,33.7,34.05,4420148,1635908400
GD30C,2021-11-04,34.06,34.5,33.85,35,23718096,1635994800
GD30C,2021-11-05,34.5,35.02,34.25,34.81,5663129,1636081200
GD30C,2021-11-08,34.9,34.99,34.65,34.95,12139471,1636340400
GD30C,2021-11-09,34.75,34.81,34.15,34.51,10189615,1636426800
GD30C,2021-11-10,34.4,34.45,34,34.45,29487752,1636513200
GD30C,2021-11-11,34.5,34.99,34.2,34.99,58131448,1636599600
GD30C,2021-11-12,34.41,34.75,34.3,34.75,33253420,1636686000
GD30C,2021-11-15,35.14,35.75,35.14,35.65,811880,1636945200
GD30C,2021-11-16,35.65,35.65,34.75,35.5,33014232,1637031600
GD30C,2021-11-17,34.77,34.77,34.2,34.2,5640421,1637118000
GD30C,2021-11-18,34.22,34.32,33.85,34,4522168,1637204400
GD30C,2021-11-19,33.85,34.45,33.7,33.93,3765802,1637290800
GD30C,2021-11-23,32.85,33.12,32.8,32.8,3350353,1637636400
GD30C,2021-11-24,32.75,32.8,32.65,32.75,2159156,1637722800
GD30C,2021-11-25,32.7,32.8,32.45,32.8,2245639,1637809200
GD30C,2021-11-26,32.5,32.5,31.85,32.25,3632442,1637895600
GD30C,2021-11-29,32.24,32.24,31.8,32,10661069,1638154800
GD30C,2021-11-30,31.6,31.67,31.3,31.3,5726725,1638241200
GD30C,2021-12-01,31.7,33.57,31.7,33,4600566,1638327600
GD30C,2021-12-02,33,33.3,32.9,33.24,3159687,1638414000
GD30C,2021-12-03,33.5,34.5,33.39,34.4,8195316,1638500400
GD30C,2021-12-06,34.4,34.75,34.2,34.7,6299496,1638759600
GD30C,2021-12-07,35.3,35.71,35.3,35.35,5820759,1638846000
GD30C,2021-12-09,35.25,35.85,35.07,35.65,6212285,1639018800
GD30C,2021-12-10,35.45,35.45,34.75,34.85,7487571,1639105200
GD30C,2021-12-13,34.49,35.35,34,35.1,9883522,1639364400
GD30C,2021-12-14,35.35,35.95,35.08,35.7,5075968,1639450800
GD30C,2021-12-15,35.7,35.75,35.35,35.4,8304984,1639537200
GD30C,2021-12-16,35.5,35.84,35.2,35.3,5325362,1639623600
GD30C,2021-12-17,35,35.25,34.84,34.85,4451235,1639710000
GD30C,2021-12-20,34.7,34.71,34.2,34.35,2328960,1639969200
GD30C,2021-12-21,34.5,34.59,34.3,34.45,3332414,1640055600
GD30C,2021-12-22,34.5,34.59,34.3,34.45,3332414,1640142000
GD30C,2021-12-23,33.95,34.68,33.95,34.6,4240024,1640228400
GD30C,2021-12-27,34.79,35.75,34.55,35.7,4801111,1640574000
GD30C,2021-12-28,35.58,35.91,35.5,35.81,9725194,1640660400
GD30C,2021-12-29,35.9,35.9,35.27,35.45,6277918,1640746800
GD30C,2021-12-30,35.5,35.6,34.9,35.25,18849106,1640833200
GD30C,2022-01-03,35.51,35.75,35,35.05,2058734,1641178800
GD30C,2022-01-04,34.8,34.8,34.35,34.35,2610947,1641265200
GD30C,2022-01-05,34.51,34.61,34,34.09,2249444,1641351600
GD30C,2022-01-06,33.46,33.6,33.1,33.11,6986600,1641438000
GD30C,2022-01-07,32.5,33.1,32.5,32.87,2491861,1641524400
GD30C,2022-01-10,32.75,32.81,32.05,32.6,842211,1641783600
GD30C,2022-01-11,32.75,32.75,32.36,32.5,1727525,1641870000
GD30C,2022-01-12,32.5,32.56,32.25,32.25,6711925,1641956400
GD30C,2022-01-13,32.25,32.25,31.4,31.95,3445047,1642042800
GD30C,2022-01-14,31.4,31.55,31,31.45,3414633,1642129200
GD30C,2022-01-17,31.45,31.45,31.1,31.15,3795240,1642388400
GD30C,2022-01-18,31.6,31.6,30.85,31.15,6905064,1642474800
GD30C,2022-01-19,31.4,31.5,31.3,31.45,2907269,1642561200
GD30C,2022-01-20,31.4,31.51,30.89,30.98,5596242,1642647600
GD30C,2022-01-21,30.85,31.06,30.75,30.96,4599608,1642734000
GD30C,2022-01-24,30.6,30.6,30.1,30.25,7896121,1642993200
GD30C,2022-01-25,30.2,30.6,30.12,30.6,6279173,1643079600
GD30C,2022-01-26,30.96,31.55,30.67,31.2,5125225,1643166000
GD30C,2022-01-27,30.75,30.92,30.5,30.75,6968405,1643252400
GD30C,2022-01-28,33,33.52,32.75,33.28,7226194,1643338800
GD30C,2022-01-31,33.6,34.15,33.6,34,2090399,1643598000
GD30C,2022-02-01,33.5,34,33.42,34,3031901,1643684400
GD30C,2022-02-02,33.9,34.41,33.9,34.27,2497020,1643770800
GD30C,2022-02-03,34,34,33.65,33.65,4069209,1643857200
GD30C,2022-02-04,33.2,33.35,32.85,32.85,2872228,1643943600
GD30C,2022-02-07,33,33.17,32.9,33.1,3665166,1644202800
GD30C,2022-02-08,33.41,33.41,33.15,33.4,1422231,1644289200
GD30C,2022-02-09,33.35,33.55,33.25,33.5,6615655,1644375600
GD30C,2022-02-10,33.15,33.23,33,33.1,4902531,1644462000
GD30C,2022-02-11,32.91,32.95,32.26,32.26,3571147,1644548400
GD30C,2022-02-14,32.3,32.85,32.3,32.5,6750845,1644807600
GD30C,2022-02-15,32.89,33.05,32.81,32.9,10531048,1644894000
GD30C,2022-02-16,33.35,33.55,33.22,33.35,4810705,1644980400
GD30C,2022-02-17,33.35,33.4,33.2,33.25,7126863,1645066800
GD30C,2022-02-18,33.65,34.1,33.4,34.1,7347057,1645153200
GD30C,2022-02-21,34,34.1,33.8,33.9,1710494,1645412400
GD30C,2022-02-22,33.6,33.9,33.6,33.75,4927378,1645498800
GD30C,2022-02-23,33.6,33.65,33.35,33.4,3849319,1645585200
GD30C,2022-02-24,32.1,32.94,32.1,32.8,3923756,1645671600
GD30C,2022-02-25,32.85,33.25,32.1,32.2,3377869,1645758000
GD30C,2022-03-02,31.5,31.86,31.25,31.4,6104278,1646190000
GD30C,2022-03-03,31.25,31.9,31.19,31.65,6249959,1646276400
GD30C,2022-03-04,31.5,31.5,30.7,30.7,4045400,1646362800
GD30C,2022-03-07,30.55,30.71,30,30.09,4734175,1646622000
GD30C,2022-03-08,30,30.3,29.85,30.15,12006964,1646708400
GD30C,2022-03-09,30.5,31.8,30.25,31.65,13760513,1646794800
GD30C,2022-03-10,31.55,32.5,31.53,32.4,3837946,1646881200
GD30C,2022-03-11,32.88,33.05,32.45,32.5,7223530,1646967600
GD30C,2022-03-14,32.75,32.9,32.25,32.75,4739512,1647226800
GD30C,2022-03-15,32.45,32.7,32.01,32.55,4041593,1647313200
GD30C,2022-03-16,32.75,33.27,32.75,33.07,4452001,1647399600
GD30C,2022-03-17,32.8,33.3,32.62,33.3,8423595,1647486000
GD30C,2022-03-18,33.1,33.2,32.9,33.1,4882424,1647572400
GD30C,2022-03-21,32.8,33.05,32.77,32.8,7769853,1647831600
GD30C,2022-03-22,32.68,32.74,32.4,32.4,7411056,1647918000
GD30C,2022-03-23,32.25,32.37,31.95,31.95,4783392,1648004400
GD30C,2022-03-25,32.35,32.7,32.3,32.62,9455917,1648177200
GD30C,2022-03-28,32.9,33.65,32.9,33.4,8913659,1648436400
GD30C,2022-03-29,33.85,33.89,33.46,33.6,11319528,1648522800
GD30C,2022-03-30,33.45,33.94,33.45,33.75,11248013,1648609200
GD30C,2022-03-31,33.7,33.85,33.63,33.85,7280266,1648695600
GD30C,2022-04-01,33.65,33.95,33.5,33.79,5718652,1648782000
GD30C,2022-04-04,33.6,34.34,33.58,34.17,7295484,1649041200
GD30C,2022-04-05,34,34,33.55,33.55,9176687,1649127600
GD30C,2022-04-06,33.15,33.8,32.95,33.6,8019495,1649214000
GD30C,2022-04-07,33.5,33.75,33.35,33.69,6586233,1649300400
GD30C,2022-04-08,33.4,33.55,33.15,33.19,5047481,1649386800
GD30C,2022-04-11,32.9,33.43,32.9,33.1,6306307,1649646000
GD30C,2022-04-12,33.2,33.24,33,33.15,4699831,1649732400
GD30C,2022-04-13,33.15,33.7,33.05,33.7,7325811,1649818800
GD30C,2022-04-18,33.8,34.2,33.8,34.2,4299819,1650250800
GD30C,2022-04-19,33.9,33.9,33.7,33.8,10164579,1650337200
GD30C,2022-04-20,33.85,33.85,33.65,33.7,3717951,1650423600
GD30C,2022-04-21,33.4,33.4,32.86,33,5241493,1650510000
GD30C,2022-04-22,32.79,32.79,31.95,32.09,7595863,1650596400
GD30C,2022-04-25,32,32.76,31.86,32.65,13713211,1650855600
GD30C,2022-04-26,32.75,32.75,32.19,32.25,5187082,1650942000
GD30C,2022-04-27,32,32.4,32,32.27,8057414,1651028400
GD30C,2022-04-28,32.35,32.35,31.95,32.1,5986673,1651114800
GD30C,2022-04-29,32,32,31.65,31.75,5376390,1651201200
GD30C,2022-05-02,31.65,31.65,31,31.35,9497708,1651460400
GD30C,2022-05-03,31.75,32,31.65,31.75,8725593,1651546800
GD30C,2022-05-04,31.86,32.5,31.5,32.29,6021335,1651633200
GD30C,2022-05-05,32,32,31.66,31.75,3500226,1651719600
GD30C,2022-05-06,31.5,31.5,30.84,30.9,3714637,1651806000
GD30C,2022-05-09,30.45,30.99,30.4,30.6,6056746,1652065200
GD30C,2022-05-10,31,31,30.6,30.61,9800234,1652151600
GD30C,2022-05-11,30.8,31.2,30.8,30.95,5772909,1652238000
GD30C,2022-05-12,30.8,30.8,30,30.2,5922532,1652324400
GD30C,2022-05-13,30.5,30.5,29.8,29.9,7776877,1652410800
GD30C,2022-05-16,29.8,29.95,29.6,29.7,7787632,1652670000
GD30C,2022-05-17,29.78,29.79,29.3,29.4,6912503,1652756400
GD30C,2022-05-19,29.1,29.61,28.95,29.59,7400858,1652929200
GD30C,2022-05-20,29.88,29.88,29.02,29.02,5732985,1653015600
GD30C,2022-05-23,29.45,29.8,29.32,29.6,6249667,1653274800
GD30C,2022-05-24,29.45,29.59,29.2,29.58,9531947,1653361200
GD30C,2022-05-26,29.75,29.8,29.6,29.75,5040110,1653534000
GD30C,2022-05-27,29.71,29.9,29.65,29.9,3752524,1653620400
GD30C,2022-05-30,29.75,30.7,29.64,30.25,11057305,1653879600
GD30C,2022-05-31,29.8,29.8,29.45,29.5,7482995,1653966000
GD30C,2022-06-01,29.85,29.85,29.38,29.61,5971614,1654052400
GD30C,2022-06-02,29.7,30,29.7,29.9,4089193,1654138800
GD30C,2022-06-03,30.14,30.14,29.55,29.55,4158225,1654225200
GD30C,2022-06-06,29.75,29.95,29.55,29.7,3848587,1654484400
GD30C,2022-06-07,29.74,29.74,29.3,29.5,3502180,1654570800
GD30C,2022-06-08,29.4,29.4,28.62,28.7,4515528,1654657200
GD30C,2022-06-09,28.64,28.64,27.55,27.7,8191890,1654743600
GD30C,2022-06-10,27.35,27.56,27.25,27.35,10028876,1654830000
GD30C,2022-06-13,27,27,25.82,26.1,19461292,1655089200
GD30C,2022-06-14,26.1,26.17,25.76,25.95,11927420,1655175600
GD30C,2022-06-15,26.25,26.5,25.9,26.28,6406992,1655262000
GD30C,2022-06-16,25.84,25.84,24.85,25,15177938,1655348400
GD30C,2022-06-21,25.3,25.33,24.9,24.9,5644090,1655780400
GD30C,2022-06-22,24.95,24.95,24.6,24.65,4647766,1655866800
GD30C,2022-06-23,24.6,24.64,24.05,24.17,14462028,1655953200
GD30C,2022-06-24,24.08,24.34,22.85,23.1,10423642,1656039600
GD30C,2022-06-27,22.9,23.15,22.2,22.34,4843827,1656298800
GD30C,2022-06-28,22.41,23.15,21.6,22.8,6634095,1656385200
GD30C,2022-06-29,22.5,24,22.2,23.85,8839291,1656471600
GD30C,2022-06-30,23.74,24.4,23.26,24,8146681,1656558000
GD30C,2022-07-01,24.3,24.65,24,24.15,7844738,1656644400
GD30C,2022-07-04,24,24,21.1,22,23168260,1656903600
GD30C,2022-07-05,21.49,21.49,20.6,20.9,9402830,1656990000
GD30C,2022-07-06,21.29,21.29,20.4,20.59,9238711,1657076400
GD30C,2022-07-07,20.64,21,20.1,20.2,4920173,1657162800
GD30C,2022-07-08,20.5,20.5,19.9,20.19,13761353,1657249200
GD30C,2022-07-11,20.25,20.25,20,20.1,7689003,1657508400
GD30C,2022-07-12,19.94,19.94,19.6,19.7,16802700,1657594800
GD30C,2022-07-13,19.5,20.14,19.5,19.99,12765566,1657681200
GD30C,2022-07-14,19.7,19.98,19.7,19.74,8295388,1657767600
GD30C,2022-07-15,19.8,19.84,19.5,19.52,5701690,1657854000
GD30C,2022-07-18,19.8,20,19.15,19.4,3500684,1658113200
GD30C,2022-07-19,19.3,20,19.25,20,5439835,1658199600
GD30C,2022-07-20,20,20.1,19.75,20,635053,1658286000
GD30C,2022-07-21,19,19.25,18.7,19.25,584156,1658372400
GD30C,2022-07-22,19,19.25,18.7,18.7,321864,1658458800
GD30C,2022-07-25,18.7,19.35,18.7,19.35,1491930,1658718000
GD30C,2022-07-26,19,20,19,19.9,386635,1658804400
GD30C,2022-07-27,19.7,20.6,19.7,20.51,133998,1658890800
GD30C,2022-07-28,21.8,22.6,21.75,22.6,402204,1658977200
GD30C,2022-07-29,24,24.35,23.9,23.9,651856,1659063600
GD30C,2022-08-01,24.2,25,24.12,24.36,1582500,1659322800
GD30C,2022-08-02,24,24.7,23.65,24.2,1016117,1659409200
GD30C,2022-08-03,24.2,24.25,23.8,24.1,266134,1659495600
GD30C,2022-08-04,24.2,24.2,23.79,23.85,1637575,1659582000
GD30C,2022-08-05,23.84,24.19,23.4,24,375266,1659668400
GD30C,2022-08-08,24,25.29,24,24.5,1251698,1659927600
GD30C,2022-08-09,24.2,24.2,23.4,23.5,1524311,1660014000
GD30C,2022-08-10,23.7,23.7,23,23,646125,1660100400
GD30C,2022-08-11,23.7,23.8,23,23.4,453127,1660186800
GD30C,2022-08-12,23.3,23.5,23.1,23.5,1380913,1660273200
GD30C,2022-08-16,24,24.51,23,24.2,733264,1660618800
GD30C,2022-08-17,24.2,24.2,23.3,23.5,324607,1660705200
GD30C,2022-08-18,23.908,23.908,22.9,23.2,297446,1660791600
GD30C,2022-08-19,22.888,23.3,22.47,22.8,1586771,1660878000
GD30C,2022-08-22,22.8,23.493,22.51,23.1,404219,1661137200
GD30C,2022-08-23,23.35,24.275,23.25,23.9,230368,1661223600
GD30C,2022-08-24,24.25,25,24.25,25,364416,1661310000
GD30C,2022-08-25,24.7,24.9,24.5,24.5,389884,1661396400
GD30C,2022-08-26,24.999,24.999,23.841,24.1,111297,1661482800
GD30C,2022-08-29,24.999,24.999,23,24,110026,1661742000
GD30C,2022-08-30,23.55,24.174,23.501,23.8,20009,1661828400
GD30C,2022-08-31,24.448,24.449,24.2,24.4,51538,1661914800
GD30C,2022-09-01,24.4,25,24.2,24.51,109972,1662001200
GD30C,2022-09-05,24.35,25.5,24.35,25.45,3123449,1662346800
GD30C,2022-09-06,25.142,25.15,24.7,25.05,990003,1662433200
GD30C,2022-09-07,25.249,25.25,24.831,24.92,1042368,1662519600
GD30C,2022-09-08,25.08,25.099,24.751,24.9,3169146,1662606000
GD30C,2022-09-09,25.299,25.3,23.9,25,1637205,1662692400
GD30C,2022-09-12,25,25.299,25,25.216,4955321,1662951600
GD30C,2022-09-13,25.05,25.2,24.88,25.12,2844783,1663038000
GD30C,2022-09-14,24.95,25.049,24.901,24.95,651463,1663124400
GD30C,2022-09-15,24.85,25.249,24.8,24.85,2068061,1663210800
GD30C,2022-09-16,24.999,24.999,24.15,24.217,310470,1663297200
GD30C,2022-09-19,24.786,25.04,24.42,24.5,2623935,1663556400
GD30C,2022-09-20,24.5,24.5,24.1,24.25,868206,1663642800
GD30C,2022-09-21,24.25,24.35,24.1,24.25,1166476,1663729200
GD30C,2022-09-22,23.999,23.999,23.492,23.6,11057455,1663815600
GD30C,2022-09-23,23.589,23.589,22.62,22.9,3192205,1663902000
GD30C,2022-09-26,22.45,22.8,22.001,22.16,1701297,1664161200
GD30C,2022-09-27,22,22.15,20.786,20.786,1780463,1664247600
GD30C,2022-09-28,20.799,21.849,19.894,21.65,2691055,1664334000
GD30C,2022-09-29,21.299,21.5,20.58,21,1260440,1664420400
GD30C,2022-09-30,21.249,21.249,19.86,20.1,1074649,1664506800
GD30C,2022-10-03,20.7,22,20.4,21.5,2793117,1664766000
GD30C,2022-10-04,21.999,21.999,21.25,21.35,956815,1664852400
GD30C,2022-10-05,20.999,21.25,20.71,20.78,2296748,1664938800
GD30C,2022-10-06,20.78,20.8,20.16,20.5,2129409,1665025200
GD30C,2022-10-11,19.69,20.1,19.69,20,662269,1665457200
GD30C,2022-10-12,20,20.5,19.9,20.33,2367048,1665543600
GD30C,2022-10-13,20.1,20.36,20.08,20.3,567716,1665630000
GD30C,2022-10-14,20.649,20.649,19.65,19.85,3392642,1665716400
GD30C,2022-10-17,20,20.25,20,20.025,952033,1665975600
GD30C,2022-10-18,20.349,20.349,19.649,20.25,2810631,1666062000
GD30C,2022-10-19,20.05,20.25,20.04,20.2,140922,1666148400
GD30C,2022-10-20,20.749,20.75,20,20.4,354388,1666234800
GD30C,2022-10-21,19.79,21.25,19.79,21.25,3426971,1666321200
GD30C,2022-10-24,21.48,22.8,21.46,22.46,430365,1666580400
GD30C,2022-10-25,23.249,23.25,22.05,22.5,837400,1666666800
GD30C,2022-10-26,22.399,22.399,21.82,22,620865,1666753200
GD30C,2022-10-27,21.88,21.88,21.402,21.65,183702,1666839600
GD30C,2022-10-28,21.85,22.45,21.511,21.75,1192699,1666926000
GD30C,2022-10-31,21.1,21.5,21.1,21.45,1798045,1667185200
GD30C,2022-11-01,22.149,22.2,21.7,22.072,2695000,1667271600
GD30C,2022-11-02,22,22,21.74,21.74,800502,1667358000
GD30C,2022-11-03,21.6,21.9,21.5,21.71,1375340,1667444400
GD30C,2022-11-04,22.42,22.71,21.49,21.702,2039494,1667530800
GD30C,2022-11-07,22.249,22.5,22,22.5,1387120,1667790000
GD30C,2022-11-08,22.5,22.9,22.4,22.7,596250,1667876400
GD30C,2022-11-09,22.36,22.59,22.35,22.35,742686,1667962800
GD30C,2022-11-10,22.999,23.5,22.789,22.94,1488477,1668049200
GD30C,2022-11-11,22.811,23.05,22.79,22.95,9863497,1668135600
GD30C,2022-11-14,23.499,23.65,23.3,23.55,2479076,1668394800
GD30C,2022-11-15,24.1,24.82,24,24.82,2540009,1668481200
GD30C,2022-11-16,25,25.749,24.75,25.38,5479176,1668567600
GD30C,2022-11-17,24.95,25.4,24.5,24.75,3707616,1668654000
GD30C,2022-11-18,24.5,25,23.65,24.15,719964,1668740400
GD30C,2022-11-22,24.05,24.75,24.049,24.75,340471,1669086000
GD30C,2022-11-23,24.84,25.1,24.66,24.99,1861270,1669172400
GD30C,2022-11-24,24.9,26,24.82,25.75,7863413,1669258800
GD30C,2022-11-25,25.15,25.698,24.75,25.293,1236462,1669345200
GD30C,2022-11-28,25.099,25.49,25.098,25.21,1266124,1669604400
GD30C,2022-11-29,25.39,26,25.15,25.99,2367127,1669690800
GD30C,2022-11-30,26.25,27,26,26.7,1235348,1669777200
GD30C,2022-12-01,27.5,27.749,27.2,27.748,11587,1669863600
GD30C,2022-12-02,27.25,27.35,26.7,27,2886340,1669950000
GD30C,2022-12-05,26.999,27.1,26.097,26.75,829004,1670209200
GD30C,2022-12-06,26.21,26.599,25.411,25.411,547320,1670295600
GD30C,2022-12-07,26,26.4,25.9,26.35,3466100,1670382000
GD30C,2022-12-12,27.003,27.35,25.77,27,3638870,1670814000
GD30C,2022-12-13,27,27.6,27,27.25,301142,1670900400
GD30C,2022-12-14,27.299,27.605,27.202,27.55,1622691,1670986800
GD30C,2022-12-15,27.55,28.1,27.48,28,1950734,1671073200
GD30C,2022-12-16,28.651,28.8,27.974,28.62,6491040,1671159600
GD30C,2022-12-19,28.999,29.5,27.76,29.5,1151766,1671418800
GD30C,2022-12-20,29.249,29.25,29.249,29.25,102640,1671505200
GD30C,2022-12-21,29.42,29.85,29.35,29.43,3065290,1671591600
GD30C,2022-12-22,29.45,29.599,27.95,27.95,1770336,1671678000
GD30C,2022-12-23,27.95,29.25,27.75,29.25,4005118,1671764400
GD30C,2022-12-26,29.152,29.25,28.38,28.38,2418360,1672023600
GD30C,2022-12-27,28.21,28.6,26.5,28.6,1747391,1672110000
GD30C,2022-12-28,28.56,28.9,27.528,27.97,1297708,1672196400
GD30C,2022-12-29,27.89,27.998,27.25,27.6,7538084,1672282800
GD30C,2022-12-30,27.85,28,27,28,1607700,1672369200
GD30C,2023-01-02,28,28.2,27.25,28.15,2547816,1672628400
GD30C,2023-01-03,28.15,28.712,27.637,28.499,955966,1672714800
GD30C,2023-01-04,29.17,29.5,28.116,29.33,4141345,1672801200
GD30C,2023-01-05,28.75,29.59,28.75,28.85,1506623,1672887600
GD30C,2023-01-06,29.519,29.519,28.6,29.25,3206587,1672974000
GD30C,2023-01-09,29.489,29.7,29,29.7,884353,1673233200
GD30C,2023-01-10,29.849,29.85,29.25,29.8,109662,1673319600
GD30C,2023-01-11,31.253,31.253,30.5,30.96,2451203,1673406000
GD30C,2023-01-12,30,31.6,30,31.449,1818529,1673492400
GD30C,2023-01-13,30.507,31.6,30.507,31.6,692062,1673578800
GD30C,2023-01-16,31.5,33,31.5,33,7354999,1673838000
GD30C,2023-01-17,32.639,34.2,32,34.2,2262622,1673924400
GD30C,2023-01-18,36.499,36.95,35.5,36.75,241334352,1674010800
GD30C,2023-01-19,36,36.6,36,36.57,77336632,1674097200
GD30C,2023-01-20,36,36,35,35.6,76674424,1674183600
GD30C,2023-01-23,35.999,36,35.5,36,67827144,1674442800
GD30C,2023-01-24,35.5,36.04,35.45,35.9,94049200,1674529200
GD30C,2023-01-25,35.7,35.849,35.35,35.5,14737850,1674615600
GD30C,2023-01-26,35.6,35.6,35.25,35.4,25610132,1674702000
GD30C,2023-01-27,35.5,35.8,35.3,35.8,16591255,1674788400
GD30C,2023-01-30,35.749,36.14,35.72,36.13,7796570,1675047600
GD30C,2023-01-31,36.449,36.449,35.98,36.04,2371608,1675134000
GD30C,2023-02-01,36.199,36.2,36.02,36.1,2210474,1675220400
GD30C,2023-02-02,36.45,36.68,36.2,36.4,2028860,1675306800
GD30C,2023-02-03,36.249,36.249,35.072,35.1,818595,1675393200
GD30C,2023-02-06,34.149,34.75,33.55,33.75,6956961,1675652400
GD30C,2023-02-07,33.5,34.2,31.5,33.95,21635780,1675738800
GD30C,2023-02-08,33.969,33.969,33.63,33.75,5719181,1675825200
GD30C,2023-02-09,33.95,33.95,33.45,33.59,8892269,1675911600
GD30C,2023-02-10,33.54,33.54,32.75,32.85,3720899,1675998000
GD30C,2023-02-13,33.249,33.249,32.75,32.98,1514764,1676257200
GD30C,2023-02-14,33,33,32.778,32.801,1833832,1676343600
GD30C,2023-02-15,32.6,32.6,32.3,32.35,8594022,1676430000
GD30C,2023-02-16,32,32,31.38,31.5,2754266,1676516400
GD30C,2023-02-17,30.949,30.949,30.25,30.39,3624592,1676602800
GD30C,2023-02-22,30.55,31.499,30.5,31.2,1600054,1677034800
GD30C,2023-02-23,31.36,32.75,31.36,32.64,5012691,1677121200
GD30C,2023-02-24,32.152,32.49,31.665,32.49,1693162,1677207600
GD30C,2023-02-27,32.7,33.25,32.6,32.8,1326195,1677466800
GD30C,2023-02-28,33.29,33.29,32.401,32.62,5690375,1677553200
GD30C,2023-03-01,32.4,32.44,31,31.14,5683912,1677639600
GD30C,2023-03-02,30.499,30.75,30,30.53,2834657,1677726000
GD30C,2023-03-03,30.822,31.249,30.4,30.59,1537060,1677812400
GD30C,2023-03-06,31,31.75,30.5,31.75,3573931,1678071600
GD30C,2023-03-07,31.58,32.5,30.95,30.95,2243896,1678158000
GD30C,2023-03-08,30.75,30.949,30.25,30.5,3148291,1678244400
GD30C,2023-03-09,30.278,30.529,30.05,30.15,4669393,1678330800
GD30C,2023-03-10,29.65,29.7,28.451,28.461,1998439,1678417200
GD30C,2023-03-13,27.85,29.1,27.764,28.55,4005073,1678676400
GD30C,2023-03-14,28.55,29.25,28.4,28.5,638072,1678762800
GD30C,2023-03-15,27.887,28.108,27.646,27.85,3122822,1678849200
GD30C,2023-03-16,27.66,29.25,27.25,28.75,994507,1678935600
GD30C,2023-03-17,28.549,28.549,27.518,28.25,1583946,1679022000
GD30C,2023-03-20,28.24,28.29,27.537,28.05,2530683,1679281200
GD30C,2023-03-21,28.41,28.54,28.001,28.35,1838213,1679367600
GD30C,2023-03-22,28.124,28.24,26.082,27.15,4144060,1679454000
GD30C,2023-03-23,26.95,27,26.4,26.8,2314858,1679540400
GD30C,2023-03-27,26.539,26.543,25.85,25.9,3978349,1679886000
GD30C,2023-03-28,25.774,27.011,25.481,26.9,4524958,1679972400
GD30C,2023-03-29,27.4,28.6,27.2,28.6,3214219,1680058800
GD30C,2023-03-30,29,29.35,28.365,29.35,4179071,1680145200
GD30C,2023-03-31,29.2,29.651,28.918,29.05,1668774,1680231600
GD30C,2023-04-03,29.349,29.95,29.15,29.95,1547099,1680490800
GD30C,2023-04-04,29.6,29.6,28.03,28.55,699638,1680577200
GD30C,2023-04-05,27.25,28.25,27.2,28.25,2167743,1680663600
GD30C,2023-04-10,27.494,28.3,27.2,28.04,4857118,1681095600
GD30C,2023-04-11,28,28,27.378,27.9,1334132,1681182000
GD30C,2023-04-12,28.3,28.677,27.647,28.55,2246727,1681268400
GD30C,2023-04-13,28.5,29.25,28.2,28.85,5037605,1681354800
GD30C,2023-04-14,29.1,29.1,27.25,28.1,1070302,1681441200
GD30C,2023-04-17,27.837,28.25,27.35,27.42,8820142,1681700400
GD30C,2023-04-18,27.314,27.375,26.25,26.55,4040017,1681786800
GD30C,2023-04-19,26.499,26.499,24.5,24.5,4293079,1681873200
GD30C,2023-04-20,24.711,25.847,24.32,24.5,1547158,1681959600
GD30C,2023-04-21,25.574,25.574,24.589,24.99,5011147,1682046000
GD30C,2023-04-24,24.88,25.16,24.677,25,13568795,1682305200
GD30C,2023-04-25,24.619,25.8,24,25.7,110322320,1682391600
GD30C,2023-04-26,25.553,26.35,25.55,25.71,83195952,1682478000
GD30C,2023-04-27,25.274,25.5,25,25.28,29269892,1682564400
GD30C,2023-04-28,24.75,25.5,24.75,25.5,28886124,1682650800
GD30C,2023-05-02,26.15,27.23,26,26.75,2370969,1682996400
GD30C,2023-05-03,27,28.08,27,27.1,303220,1683082800
GD30C,2023-05-04,27.9,27.9,26.5,27.9,73901,1683169200
GD30C,2023-05-05,27.27,27.85,26.5,26.69,985423,1683255600
GD30C,2023-05-08,26.92,27,26.7,26.8,855822,1683514800
GD30C,2023-05-09,26.85,27.5,26.85,27.5,437865,1683601200
GD30C,2023-05-10,27.83,27.83,27.23,27.23,6107540,1683687600
GD30C,2023-05-11,27.5,27.5,27.2,27.38,4435591,1683774000
GD30C,2023-05-12,27,28.249,27,27.45,5424355,1683860400
GD30C,2023-05-15,27.19,28,27.19,27.76,4220967,1684119600
GD30C,2023-05-16,28,28.35,27.9,28.25,5481925,1684206000
GD30C,2023-05-17,28.4,28.4,28,28.05,8157515,1684292400
GD30C,2023-05-18,28.2,28.2,25.9,26.78,782096,1684378800
GD30C,2023-05-19,27.12,27.25,26.76,27.1,6593715,1684465200
GD30C,2023-05-22,26.999,27,26.85,26.94,10175149,1684724400
GD30C,2023-05-23,26.85,27,26.85,27,6033649,1684810800
GD30C,2023-05-24,27,28,26.83,26.93,478828,1684897200
GD30C,2023-05-29,28,28,27,27.15,226709,1685329200
GD30C,2023-05-30,27.7,28.4,27.7,28.35,103078,1685415600
GD30C,2023-05-31,28.74,28.74,27.39,27.39,30716,1685502000
GD30C,2023-06-01,27.999,27.999,27.49,27.75,22786,1685588400
GD30C,2023-06-02,27.75,27.75,26.75,27.47,61671,1685674800
GD30C,2023-06-05,27.75,27.8,27,27,124299,1685934000
GD30C,2023-06-06,28,28.65,27.99,28.5,67316,1686020400
GD30C,2023-06-07,28.89,29.5,28.75,29.05,146840,1686106800
GD30C,2023-06-08,29.25,29.25,29.15,29.25,20691,1686193200
GD30C,2023-06-09,29.55,29.57,28.2,29.57,75869,1686279600
GD30C,2023-06-12,30,30,28.75,28.75,999,1686538800
GD30C,2023-06-13,29.25,30.5,29.25,29.58,258512,1686625200
GD30C,2023-06-14,29.5,30,29.2,29.3,76432,1686711600
GD30C,2023-06-15,29.999,29.999,29.499,29.499,85575,1686798000
GD30C,2023-06-16,30,30,29.4,29.4,25727,1686884400
GD30C,2023-06-21,30.75,31,30.75,30.76,548635,1687316400
GD30C,2023-06-22,31.5,32.4,31.4,32.24,351382,1687402800
GD30C,2023-06-23,32.1,32.24,32.1,32.24,6374,1687489200
GD30C,2023-06-26,32.24,33.77,32.24,33.65,303757,1687748400
GD30C,2023-06-27,33.25,33.35,32.5,33.35,411125,1687834800
GD30C,2023-06-28,33.4,34.25,33.4,34,32284,1687921200
GD30C,2023-06-29,34.5,34.5,33.5,33.93,1121670,1688007600
GD30C,2023-06-30,35,35.5,35,35.5,11393,1688094000
GD30C,2023-07-03,35.25,36.5,35.25,36,46834,1688353200
GD30C,2023-07-04,37,37,36.5,36.5,44042,1688439600
GD30C,2023-07-05,35,36.25,35,35.5,2182457,1688526000
GD30C,2023-07-06,34.193,34.5,33,34.5,20108,1688612400
GD30C,2023-07-07,34,34,33.7,33.7,18922,1688698800
GD30C,2023-07-10,33.7,34.5,33.7,34.5,553928,1688958000
GD30C,2023-07-11,34.1,35,34,35,30746,1689044400
GD30C,2023-07-12,34.5,35.25,34.25,35,932676,1689130800
GD30C,2023-07-13,35.5,35.5,33.75,33.751,41291,1689217200
GD30C,2023-07-14,33.8,33.8,33.8,33.8,294,1689303600
GD30C,2023-07-17,33.2,33.2,33.2,33.2,1712,1689562800
GD30C,2023-07-18,33.2,33.2,33.2,33.2,0,1689649200
GD30C,2023-07-19,33.2,33.2,33.2,33.2,0,1689735600
GD30C,2023-07-21,33.2,33.2,33.2,33.2,0,1689908400
GD30C,2023-07-24,34.9,35,34.9,35,3551,1690167600
GD30C,2023-07-25,34,35.59,34,35.59,3621,1690254000
GD30C,2023-07-26,36,36,36,36,1000,1690340400
GD30C,2023-07-27,36,36,36,36,0,1690426800
GD30C,2023-07-28,36.75,36.75,36.6,36.6,5431,1690513200
GD30C,2023-07-31,37.69,37.69,36.75,36.75,32751,1690772400
GD30C,2023-08-01,36.25,36.25,35.75,35.91,39439,1690858800
GD30C,2023-08-02,36,36.23,36,36.23,415295,1690945200
GD30C,2023-08-03,30.75,30.949,30.25,30.5,3148291,1691031600
GD30C,2023-08-04,35.9,35.9,35.7,35.7,190394,1691118000
GD30C,2023-08-07,36.25,37,35,37.27,970306,1691377200
GD30C,2023-08-08,36.5,37.59,34.5,37.06,3127774,1691463600
GD30C,2023-08-09,38,38,35.5,38,598712,1691550000
GD30C,2023-08-10,39,39,37,37.71,1240908,1691636400
GD30C,2023-08-11,39,39,37,37.19,854885,1691722800
GD30C,2023-08-14,35.5,35.5,35.4,35.5,99890,1691982000
GD30C,2023-08-15,35.5,35.8,34.85,34.9,24428,1692068400
GD30C,2023-08-16,34,34,33,34,314144,1692154800
GD30C,2023-08-17,33.1,34.88,33.1,34.88,21052,1692241200
GD30C,2023-08-18,34.88,35,33.9,35.02,167252,1692327600
GD30C,2023-08-22,35.03,36.5,35.02,36.1,161189,1692673200
GD30C,2023-08-23,37,37,36,37,228262,1692759600
GD30C,2023-08-24,36,37,36,36.85,301590,1692846000
GD30C,2023-08-25,37,37.8,37,36.75,48256,1692932400
GD30C,2023-08-28,38.5,39.5,38,38.6,232501,1693191600
GD30C,2023-08-29,39,39.19,37.9,39.19,74909,1693278000
GD30C,2023-08-30,40.2,40.2,40,40,7193,1693364400
GD30C,2023-08-31,41.99,41.99,40.5,40.5,8167,1693450800
GD30C,2023-09-01,40.5,42,39.8,39.8,39617,1693537200
GD30C,2023-09-05,40,41,39,39,33053,1693882800
GD30C,2023-09-06,38.7,38.7,36.57,36.57,47884,1693969200
GD30C,2023-09-07,36.4,36.4,35,35.75,100977,1694055600
GD30C,2023-09-08,35.4,35.4,35.4,34.9,43143,1694142000
GD30C,2023-09-11,34.25,34.5,34.25,34.5,188000,1694401200
GD30C,2023-09-12,35.5,35.5,34.75,34.95,24160,1694487600
GD30C,2023-09-13,35,35,34.5,34.65,18591,1694574000
GD30C,2023-09-14,35,35,35,35,7588,1694660400
GD30C,2023-09-15,35.5,35.5,34,34.9,136673,1694746800
GD30C,2023-09-18,34.4,34.4,32.8,34.2,175351,1695006000
GD30C,2023-09-19,34.75,34.75,34,34.5,62373,1695092400
GD30C,2023-09-20,33.5,33.9,33.5,33.9,704,1695178800
GD30C,2023-09-21,33.5,34,32,32.5,32124,1695265200
GD30C,2023-09-25,33.4,33.4,33,33,60412,1695610800
GD30C,2023-09-26,33.5,33.5,33.5,33.5,2077,1695697200
GD30C,2023-09-27,31.05,33.495,31.05,33.1,504287,1695783600
GD30C,2023-09-28,33.1,33.1,33.1,33.1,57191,1695870000
GD30C,2023-09-29,33.995,34,33,33,50353,1695956400
GD30C,2023-10-02,33,34.5,33,34.5,14405,1696215600
GD30C,2023-10-03,35.4,35.4,32.775,33.45,25672,1696302000
GD30C,2023-10-04,33.495,33.495,32,32.495,13102,1696388400
GD30C,2023-10-05,31.9,31.9,31.36,31.5,22386,1696474800
GD30C,2023-10-06,33,33,33,33,1370,1696561200
GD30C,2023-10-09,33.895,34.995,33.5,33.815,57798,1696820400
GD30C,2023-10-10,34,34,34,34,17060,1696906800
GD30C,2023-10-11,34,34,31.999,32,11618,1696993200
GD30C,2023-10-12,32.895,32.895,30.25,30.5,120767,1697079600
GD30C,2023-10-17,30.8,31.54,30.2,32.245,43211,1697511600
GD30C,2023-10-18,32,32,31.795,31.85,10755,1697598000
GD30C,2023-10-19,31,32.765,31,32.765,3744,1697684400
GD30C,2023-10-20,30,33,30,33,195949,1697770800
GD30C,2023-10-23,33,33,31.245,31.245,4679,1698030000
GD30C,2023-10-24,31.745,31.745,31.745,31.745,837,1698116400
GD30C,2023-10-25,31.745,31.975,31.745,31.975,18798,1698202800
GD30C,2023-10-26,31.985,31.985,31.985,31.985,1753,1698289200
GD30C,2023-10-27,31.5,31.5,30.6,30.6,11220,1698375600
GD30C,2023-10-30,31.5,31.5,31.5,31.5,10460,1698634800
GD30C,2023-10-31,32,32,32,32,5191,1698721200
GD30C,2023-11-01,32,33,31.99,33,17510,1698807600
GD30C,2023-11-02,32.99,34,32.99,33,33921,1698894000
GD30C,2023-11-03,33,33,32.8,32.8,11951,1698980400
GD30C,2023-11-07,33,35,31.9,31.9,86350,1699326000
GD30C,2023-11-08,33,33.95,33,33.95,3063,1699412400
GD30C,2023-11-09,33,33,30,30,68713,1699498800
GD30C,2023-11-10,33,33,30,30,0,1699585200
GD30C,2023-11-13,31,31,30.9,30.9,8514,1699844400
GD30C,2023-11-14,30.9,30.9,29.9,30.9,4204,1699930800
GD30C,2023-11-15,30.9,30.9,30.9,30.9,3857,1700017200
GD30C,2023-11-16,30.9,32.89,30.5,32.89,235568,1700103600
GD30C,2023-11-17,32,32.645,32,32.645,320,1700190000
GD30C,2023-11-21,33.1,36,33.1,34,19057,1700535600
GD30C,2023-11-22,34.991,35.5,34.991,35.5,167645,1700622000
GD30C,2023-11-23,37,37,37,37,1052,1700708400
GD30C,2023-11-24,37,37,36,36,71391,1700794800
GD30C,2023-11-27,37,37,36.382,37,73731,1701054000
GD30C,2023-11-30,37,40,37,40,5590,1701313200
GD30C,2023-12-01,40,41,38.5,38.5,11116,1701399600
GD30C,2023-12-04,39,40,39,40,2391,1701658800
GD30C,2023-12-05,40,41.85,39,41.85,14162,1701745200
GD30C,2023-12-06,41.85,42.5,41.85,42.5,40519,1701831600
GD30C,2023-12-07,43.75,44,43.75,43.8,1501,1701918000
GD30C,2023-12-11,43.75,43.75,42.5,42.5,5069,1702263600
GD30C,2023-12-12,43.25,43.25,43.245,43.245,2922,1702350000
GD30C,2023-12-13,43.5,43.5,42,43.445,44122,1702436400
GD30C,2023-12-14,43.495,43.495,41.5,42.985,5470,1702522800
GD30C,2023-12-15,43.75,43.75,42.89,42.89,5436,1702609200
GD30C,2023-12-18,43.1,43.1,42.499,42.499,4077,1702868400
GD30C,2023-12-19,40.789,40.789,40.789,41,2725,1702954800
GD30C,2023-12-20,41,42.85,40.5,40.5,209988,1703041200
GD30C,2023-12-21,41,41.45,41,41,52219,1703127600
GD30C,2023-12-22,41,41,41,41,6890,1703214000
GD30C,2023-12-26,42.2,43,41.5,41.5,107287,1703559600
GD30C,2023-12-27,41,41.5,40.9,40.9,227069,1703646000
GD30C,2023-12-28,40.75,40.75,40.75,40.75,4030,1703732400
GD30C,2023-12-29,41.4,41.4,41.4,41.4,2522,1703818800
GD30C,2024-01-02,42,42,41.4,41.99,11336,1704164400
GD30C,2024-01-03,41.99,41.99,41.5,41.7,16178,1704250800
GD30C,2024-01-04,40.99,40.99,40.1,40.1,26539,1704337200
GD30C,2024-01-05,40.2,40.2,39.3,39.3,44286,1704423600
GD30C,2024-01-08,37.928,39,37.928,38.7,6618,1704682800
GD30C,2024-01-09,37.5,38.45,37.3,38,59021,1704769200
GD30C,2024-01-10,38,39,37.85,37.85,79410,1704855600
GD30C,2024-01-11,40,40,39.5,39.5,146901,1704942000
GD30C,2024-01-12,40,40,39.5,39.5,0,1705028400
GD30C,2024-01-15,39.6,41,39.6,41,22875,1705287600
GD30C,2024-01-16,41,41.75,41,41.75,5406,1705374000
GD30C,2024-01-17,41,41.75,41,41.75,0,1705460400
GD30C,2024-01-18,41.95,41.95,40,40,1075,1705546800
GD30C,2024-01-19,40,40.04,39.7,39.5,3610,1705633200
GD30C,2024-01-22,40,40.04,39.7,39.5,0,1705892400
GD30C,2024-01-23,40.15,41.3,40.15,41.3,39035,1705978800
GD30C,2024-01-26,42.9,42.9,42,42,12538,1706238000
GD30C,2024-01-29,42.75,42.75,42.75,41.25,2780,1706497200
GD30C,2024-01-30,41.35,41.35,41.251,41.25,15000,1706583600
GD30C,2024-01-31,42.25,42.25,42.25,42.25,11,1706670000
GD30C,2024-02-01,42.15,42.15,42.15,42.15,5039,1706756400
GD30C,2024-02-02,42.79,42.79,42,42.65,7475,1706842800
GD30C,2024-02-05,44,45,43,42,9082,1707102000
GD30C,2024-02-06,42.5,42.5,42.5,42.5,2500,1707188400
GD30C,2024-02-07,42,42.779,41.5,42.03,166888,1707274800
GD30C,2024-02-08,42.323,43.097,42,42.15,30534,1707361200
GD30C,2024-02-09,42.25,42.25,41.35,41.6,11560,1707447600
GD30C,2024-02-14,41.945,43.3,41.945,43.1,517926,1707879600
GD30C,2024-02-15,44.169,44.406,43.981,44.25,126568,1707966000
GD30C,2024-02-16,45.322,45.4,44.859,45.4,416966,1708052400
GD30C,2024-02-19,47,47,45.25,45.25,1986024,1708311600
GD30C,2024-02-20,46.001,46.9,45.25,45.7,1376343,1708398000
GD30C,2024-02-21,45.5,45.5,44.5,44.5,486215,1708484400
GD30C,2024-02-22,45.301,46.7,45.301,46.4,137554,1708570800
GD30C,2024-02-23,47.099,47.1,46,46,25293,1708657200
GD30C,2024-02-26,46.201,46.4,46.1,46.1,266907,1708916400
GD30C,2024-02-27,46.25,46.25,45.25,45.25,138984,1709002800
GD30C,2024-02-28,45.001,45.841,44.75,45.841,345609,1709089200
GD30C,2024-02-29,46.954,46.954,45.861,46.871,57005,1709175600
GD30C,2024-03-01,46,47.513,46,47.513,2307150,1709262000
GD30C,2024-03-04,48.85,49,48.28,48.799,136431,1709521200
GD30C,2024-03-05,47.75,49.109,47.315,48.05,578928,1709607600
GD30C,2024-03-06,48.5,48.514,48.047,48.514,217857,1709694000
GD30C,2024-03-07,48.39,48.399,47.69,47.75,119739,1709780400
GD30C,2024-03-08,47.503,48.057,47.2,47.2,827364,1709866800
GD30C,2024-03-11,47.2,47.3,46.6,47.25,192430,1710126000
GD30C,2024-03-12,47,48.1,46.597,48.1,1362975,1710212400
GD30C,2024-03-13,48.95,49.15,48.514,49.25,223755,1710298800
GD30C,2024-03-14,48.003,48.111,47.69,48,547706,1710385200
GD30C,2024-03-15,48.063,49.005,48.063,49.005,786595,1710471600
GD30C,2024-03-18,49.23,49.4,48.815,49,152568,1710730800
GD30C,2024-03-19,49.5,50.99,49.5,50,232023,1710817200
GD30C,2024-03-20,51.1,51.1,50.5,50.79,424463,1710903600
GD30C,2024-03-21,51.47,51.5,50.9,51.5,299736,1710990000
GD30C,2024-03-22,52.02,52.6,51.5,52.23,177588,1711076400
GD30C,2024-03-25,52.82,52.98,52.39,52.75,693117,1711335600
GD30C,2024-03-26,54,54,52.2,52.25,109762,1711422000
GD30C,2024-03-27,52.88,52.88,52.3,52.6,527580,1711508400
GD30C,2024-04-03,52.35,54,51.69,54,231459,1712113200
GD30C,2024-04-04,53.8,55.25,53.4,55.25,72615,1712199600
GD30C,2024-04-05,56.49,57,55.56,55.81,236857,1712286000
GD30C,2024-04-08,56.02,58.69,55.07,58.15,290304,1712545200
GD30C,2024-04-09,58.5,58.5,57,57.8,142563,1712631600
GD30C,2024-04-10,56.53,57.11,55,56.2,439201,1712718000
GD30C,2024-04-11,55.55,56.5,55.15,56.5,577174,1712804400
GD30C,2024-04-12,55.65,55.73,55,55,62363,1712890800
GD30C,2024-04-15,54.54,54.63,53.73,53.75,852815,1713150000
GD30C,2024-04-16,53.5,54.25,53.26,54.1,224562,1713236400
GD30C,2024-04-17,55.1,57,55.04,56.25,693258,1713322800
GD30C,2024-04-18,57.31,58,56.78,57.58,31603,1713409200
GD30C,2024-04-19,57.3,58.35,57.3,57.01,300438,1713495600
GD30C,2024-04-22,58.71,60,58.48,60,480221,1713754800
GD30C,2024-04-23,59.89,60.05,58.5,59.45,333594,1713841200
GD30C,2024-04-24,57.83,58.94,57.83,58.5,1684777,1713927600
GD30C,2024-04-25,57.79,58.3,57.25,57.5,2119365,1714014000
GD30C,2024-04-26,58.06,58.4,57.75,58.1,2655563,1714100400
GD30C,2024-04-29,58.04,58.91,58.04,58.25,339077,1714359600
GD30C,2024-04-30,58.64,58.64,58,58,155577,1714446000
GD30C,2024-05-02,58.11,58.2,57.65,57.7,543861,1714618800
GD30C,2024-05-03,59,59,57.65,57.9,255355,1714705200
GD30C,2024-05-06,58.14,58.7,57.6,58.7,733796,1714964400
GD30C,2024-05-07,59.03,59.18,58.65,58.8,1242119,1715050800
GD30C,2024-05-08,58.56,58.83,58.12,58.8,1020263,1715137200
GD30C,2024-05-09,58.48,58.48,57.7,58.25,301365,1715223600
GD30C,2024-05-10,58.02,58.21,57.7,58.2,260353,1715310000
GD30C,2024-05-13,57.88,58.85,57.81,58.99,881637,1715569200
GD30C,2024-05-14,59.3,59.3,58.56,58.7,1399822,1715655600
GD30C,2024-05-15,58.75,59.8,58.65,59.6,428569,1715742000
GD30C,2024-05-16,60.5,60.5,58.75,58.75,294449,1715828400
GD30C,2024-05-17,58.5,58.95,58.39,58.57,766505,1715914800
GD30C,2024-05-20,58.15,59.36,58.15,59.1,1360632,1716174000
GD30C,2024-05-21,58.49,59.69,58.01,58.5,405909,1716260400
GD30C,2024-05-22,58.59,58.59,55.73,56,1495248,1716346800
GD30C,2024-05-23,56.1,56.31,54.78,55.5,402163,1716433200
GD30C,2024-05-24,54.81,55.34,54.5,54.5,0,1716519600
GD30C,2024-05-27,54.8,56,54.75,55.1,471881,1716778800
GD30C,2024-05-28,56,56.99,55,55.85,117362,1716865200
GD30C,2024-05-29,56.01,57.75,56.01,56.01,86922,1716951600
GD30C,2024-05-30,57.9,58.7,57.67,58.69,130127,1717038000
GD30C,2024-05-31,57.54,58.5,56,57.3,28943,1717124400
GD30C,2024-06-03,56.67,57.04,55,55.9,232401,1717383600
GD30C,2024-06-04,55.5,55.5,53.5,54.3,139367,1717470000
GD30C,2024-06-05,54,54.33,53,53,294458,1717556400
GD30C,2024-06-06,52.94,52.94,51.42,52.5,12496,1717642800
GD30C,2024-06-07,51.18,52.25,51.03,52.25,499407,1717729200
GD30C,2024-06-10,53.23,54.75,53.23,54.75,372312,1717988400
GD30C,2024-06-11,53.88,54.54,53,53.85,1057612,1718074800
GD30C,2024-06-12,54.05,55.1,54.05,55,72146,1718161200
GD30C,2024-06-13,56.26,57.12,56.25,56.65,122890,1718247600
GD30C,2024-06-14,57.05,57.8,57.05,57.8,25999,1718334000
GD30C,2024-06-18,57.5,57.94,57.47,57.47,2735,1718679600
GD30C,2024-06-19,58.5,58.5,57.4,57.85,384372,1718766000
GD30C,2024-06-24,56.53,57,56.5,56.5,363099,1719198000
GD30C,2024-06-25,56.96,56.96,56.4,56.8,280285,1719284400
GD30C,2024-06-26,57.2,57.25,56.7,57.15,398542,1719370800
GD30C,2024-06-27,57.08,57.28,56.85,57.1,410621,1719457200
GD30C,2024-06-28,57.5,57.5,56.7,56.85,336191,1719543600
GD30C,2024-07-01,57,57,55.14,55.5,481091,1719802800
GD30C,2024-07-02,54.6,55.6,54.1,55,730002,1719889200
GD30C,2024-07-03,55.5,55.67,55.25,55.6,51628,1719975600
GD30C,2024-07-04,55.25,55.75,55.15,55.75,164456,1720062000
GD30C,2024-07-05,55.86,55.92,55.15,55.29,166726,1720148400
GD30C,2024-07-08,53,53,51.5,51.5,261396,1720407600
GD30C,2024-07-10,52.2,52.66,51.8,52.4,749196,1720580400
GD30C,2024-07-11,52.31,53,52.1,52.5,508657,1720666800
GD30C,2024-07-12,52.99,53,51.6,51.9,1248893,1720753200
GD30C,2024-07-15,51.59,51.86,50.75,50.75,27525068,1721012400
GD30C,2024-07-16,50,51.1,49.78,51.09,6008519,1721098800
GD30C,2024-07-17,51,53.5,50.15,50.8,4550476,1721185200
GD30C,2024-07-18,51.5,51.5,50.5,50.5,1252363,1721271600
GD30C,2024-07-19,50.6,50.73,49.9,50.2,1228914,1721358000
GD30C,2024-07-22,50.42,51.25,50.26,51.25,162615,1721617200
GD30C,2024-07-23,51.5,51.67,50.83,51.35,811610,1721703600
GD30C,2024-07-24,50.81,50.9,50.36,50,171090,1721790000
GD30C,2024-07-25,51,51,50.05,50.05,265114,1721876400
GD30C,2024-07-26,50.8,51.15,50.37,50.5,561881,1721962800
GD30C,2024-07-29,50.86,51.01,50.5,50.72,1477776,1722222000
GD30C,2024-07-30,50.72,51.25,50.4,50.7,329542,1722308400
GD30C,2024-07-31,51.51,52.5,51.36,51.8,1715359,1722394800
GD30C,2024-08-01,52.01,52.18,50.71,50.71,262096,1722481200
GD30C,2024-08-02,50.25,50.6,49.662,50.6,865991,1722567600
GD30C,2024-08-05,47.538,50.34,47,50.25,146536,1722826800
GD30C,2024-08-06,51,51,49.74,50.25,25083,1722913200
GD30C,2024-08-07,50.79,51.75,50.48,51.75,392174,1722999600
GD30C,2024-08-08,51,51.75,50.9,51.7,76942,1723086000
GD30C,2024-08-09,51.49,51.49,51.16,51.2,22785,1723172400
GD30C,2024-08-12,51.49,51.65,51.16,51.45,236416,1723431600
GD30C,2024-08-13,51.45,51.6,51.4,51.5,721478,1723518000
GD30C,2024-08-14,51.73,52.4,51.48,52.4,168236,1723604400
GD30C,2024-08-15,52.17,52.5,52.17,52.5,294840,1723690800
GD30C,2024-08-16,52.11,52.8,52.11,52.75,22191,1723777200
GD30C,2024-08-19,52.67,52.9,52.6,52.9,580117,1724036400
GD30C,2024-08-20,52.7,52.7,52.49,52.6,74223,1724122800
GD30C,2024-08-21,52.1,52.15,52,52,150771,1724209200
GD30C,2024-08-22,51.3,51.5,51.2,51.5,205610,1724295600
GD30C,2024-08-23,51.67,52.43,51.46,52.24,98800,1724382000
GD30C,2024-08-26,52.27,52.7,52,52.7,116950,1724641200
GD30C,2024-08-27,52.25,52.7,52,52.7,2118752,1724727600
GD30C,2024-08-28,52.82,53.75,52.78,53.4,796374,1724814000
GD30C,2024-08-29,53.94,54.76,53.85,54.74,701393,1724900400
GD30C,2024-08-30,55.04,55.29,54.5,54.5,219713,1724986800
GD30C,2024-09-02,54.51,55.5,54.51,55.15,1270086,1725246000
GD30C,2024-09-03,54.4,54.72,54.4,54.5,724381,1725332400
GD30C,2024-09-04,54.19,55.31,54.19,55.31,271054,1725418800
GD30C,2024-09-05,55.57,56,55.17,55.7,121514,1725505200
GD30C,2024-09-06,55.16,55.49,55.07,55.55,124626,1725591600
GD30C,2024-09-09,55.26,57,55.14,57,1810036,1725850800
GD30C,2024-09-10,56.69,56.69,56.1,56.38,1145913,1725937200
GD30C,2024-09-11,56.51,56.52,55.8,55.8,219162,1726023600
GD30C,2024-09-12,55.88,56.49,55.62,56.21,237636,1726110000
GD30C,2024-09-13,56.5,57.2,56.5,56.85,1489621,1726196400
GD30C,2024-09-16,57.48,58,57.38,57.6,499800,1726455600
GD30C,2024-09-17,57.15,58,57,57.57,408364,1726542000
GD30C,2024-09-18,57.3,58.42,57,57.62,442930,1726628400
GD30C,2024-09-19,58.14,59,58.14,59,129864,1726714800
GD30C,2024-09-20,58.15,58.5,57.98,58.15,336632,1726801200
GD30C,2024-09-23,58.15,58.5,58.05,58.5,497086,1727060400
GD30C,2024-09-24,58.33,58.6,58.3,58.5,131000,1727146800
GD30C,2024-09-25,58.98,59.05,58.39,58.49,763360,1727233200
GD30C,2024-09-26,58.47,58.71,58.15,58.35,548893,1727319600
GD30C,2024-09-27,58.04,59.26,57.65,58.26,380941,1727406000
GD30C,2024-09-30,58.5,58.79,58.26,58.35,1064607,1727665200
GD30C,2024-10-01,58.94,58.94,58.16,58.5,224411,1727751600
GD30C,2024-10-02,58.75,58.87,58.16,58.75,484067,1727838000
GD30C,2024-10-03,58.87,59,58.7,58.7,904523,1727924400
GD30C,2024-10-04,58.66,59.23,58.6,59.22,807778,1728010800
GD30C,2024-10-07,59.16,59.99,59,59.99,804425,1728270000
GD30C,2024-10-08,60.23,60.32,59.99,60.1,1398111,1728356400
GD30C,2024-10-09,60.25,61.76,60.25,61.27,847330,1728442800
